Site,Date,Color,VWC
Balzor,12/10/21,Black,0.108000092
Balzor,12/10/21,White,0.088714839
Balzor,12/11/21,Black,0.104462764
Balzor,12/11/21,White,0.075714539
Balzor,12/12/21,Black,0.117333446
Balzor,12/12/21,White,0.08575259
Balzor,12/13/21,Black,0.142106825
Balzor,12/13/21,White,0.119228937
Balzor,12/14/21,Black,0.155498183
Balzor,12/14/21,White,0.143319157
Balzor,12/15/21,Black,0.154622228
Balzor,12/15/21,White,0.140690183
Balzor,12/16/21,Black,0.15057946
Balzor,12/16/21,White,0.135478071
Balzor,12/17/21,Black,0.147686023
Balzor,12/17/21,White,0.130881959
Balzor,12/18/21,Black,0.140826029
Balzor,12/18/21,White,0.120460639
Balzor,12/19/21,Black,0.133494149
Balzor,12/19/21,White,0.11134067
Balzor,12/20/21,Black,0.147335101
Balzor,12/20/21,White,0.122903963
Balzor,12/21/21,Black,0.146032269
Balzor,12/21/21,White,0.121736145
Balzor,12/22/21,Black,0.155078813
Balzor,12/22/21,White,0.125250834
Balzor,12/23/21,Black,0.162573284
Balzor,12/23/21,White,0.143032311
Balzor,12/24/21,Black,0.159156704
Balzor,12/24/21,White,0.143368458
Balzor,12/25/21,Black,0.145666635
Balzor,12/25/21,White,0.126136194
Balzor,12/26/21,Black,0.140257647
Balzor,12/26/21,White,0.11567816
Balzor,12/27/21,Black,0.12633444
Balzor,12/27/21,White,0.101402024
Balzor,12/28/21,Black,0.10816426
Balzor,12/28/21,White,0.086566302
Balzor,12/29/21,Black,0.100125962
Balzor,12/29/21,White,0.07790399
Balzor,12/30/21,Black,0.096167938
Balzor,12/30/21,White,0.073863345
Balzor,12/31/21,Black,0.092340233
Balzor,12/31/21,White,0.068759698
Balzor,1/1/22,Black,0.081468281
Balzor,1/1/22,White,0.058507164
Balzor,1/2/22,Black,0.076746561
Balzor,1/2/22,White,0.054881131
Balzor,1/3/22,Black,0.078702321
Balzor,1/3/22,White,0.056933574
Balzor,1/4/22,Black,0.083137831
Balzor,1/4/22,White,0.060888403
Balzor,1/5/22,Black,0.088846059
Balzor,1/5/22,White,0.080062601
Balzor,1/6/22,Black,0.145018555
Balzor,1/6/22,White,0.124016763
Balzor,1/7/22,Black,0.196475376
Balzor,1/7/22,White,0.149415936
Balzor,1/8/22,Black,0.177594852
Balzor,1/8/22,White,0.121307639
Balzor,1/9/22,Black,0.138426361
Balzor,1/9/22,White,0.092640921
Balzor,1/10/22,Black,0.109375984
Balzor,1/10/22,White,0.083533091
Balzor,1/11/22,Black,0.11392004
Balzor,1/11/22,White,0.087819204
Balzor,1/12/22,Black,0.129498936
Balzor,1/12/22,White,0.092662502
Balzor,1/13/22,Black,0.176127411
Balzor,1/13/22,White,0.100333542
Balzor,1/14/22,Black,0.224916587
Balzor,1/14/22,White,0.105392877
Balzor,1/15/22,Black,0.197807805
Balzor,1/15/22,White,0.095139886
Balzor,1/16/22,Black,0.14804972
Balzor,1/16/22,White,0.087285698
Balzor,1/17/22,Black,0.120036097
Balzor,1/17/22,White,0.087879023
Balzor,1/18/22,Black,0.108553989
Balzor,1/18/22,White,0.085857782
Balzor,1/19/22,Black,0.096695975
Balzor,1/19/22,White,0.087399859
Balzor,1/20/22,Black,0.120165028
Balzor,1/20/22,White,0.092241352
Balzor,1/21/22,Black,0.126252291
Balzor,1/21/22,White,0.094232246
Balzor,1/22/22,Black,0.109817208
Balzor,1/22/22,White,0.087267738
Balzor,1/23/22,Black,0.114062383
Balzor,1/23/22,White,0.08675026
Balzor,1/24/22,Black,0.098835427
Balzor,1/24/22,White,0.087459401
Balzor,1/25/22,Black,0.076182791
Balzor,1/25/22,White,0.08467041
Balzor,1/26/22,Black,0.058246309
Balzor,1/26/22,White,0.082708516
Balzor,1/27/22,Black,0.048849513
Balzor,1/27/22,White,0.079900548
Balzor,1/28/22,Black,0.045541527
Balzor,1/28/22,White,0.078883986
Balzor,1/29/22,Black,0.042564116
Balzor,1/29/22,White,0.077263325
Balzor,1/30/22,Black,0.04278643
Balzor,1/30/22,White,0.077675512
Balzor,1/31/22,Black,0.049817267
Balzor,1/31/22,White,0.083868574
Balzor,2/1/22,Black,0.04201376
Balzor,2/1/22,White,0.079195119
Balzor,2/2/22,Black,0.038184134
Balzor,2/2/22,White,0.078898408
Balzor,2/3/22,Black,0.041648581
Balzor,2/3/22,White,0.082489916
Balzor,2/4/22,Black,0.043830215
Balzor,2/4/22,White,0.082891351
Balzor,2/5/22,Black,0.049827194
Balzor,2/5/22,White,0.085335369
Balzor,2/6/22,Black,0.045089547
Balzor,2/6/22,White,0.085615603
Balzor,2/7/22,Black,0.040848609
Balzor,2/7/22,White,0.089411696
Balzor,2/8/22,Black,0.034629045
Balzor,2/8/22,White,0.092351899
Balzor,2/9/22,Black,0.038226458
Balzor,2/9/22,White,0.101474511
Balzor,2/10/22,Black,0.040630857
Balzor,2/10/22,White,0.138027629
Balzor,2/11/22,Black,0.039855789
Balzor,2/11/22,White,0.161798682
Balzor,2/12/22,Black,0.034772888
Balzor,2/12/22,White,0.137299509
Balzor,2/13/22,Black,0.032688926
Balzor,2/13/22,White,0.115159167
Balzor,2/14/22,Black,0.03993641
Balzor,2/14/22,White,0.116119729
Balzor,2/15/22,Black,0.037864744
Balzor,2/15/22,White,0.106287138
Balzor,2/16/22,Black,0.029339293
Balzor,2/16/22,White,0.090887145
Balzor,2/17/22,Black,0.027516823
Balzor,2/17/22,White,0.08226477
Balzor,2/18/22,Black,0.033276329
Balzor,2/18/22,White,0.204537787
Balzor,2/19/22,Black,0.034316353
Balzor,2/19/22,White,0.121407891
Balzor,2/20/22,Black,0.032382609
Balzor,2/20/22,White,0.096309312
Balzor,2/21/22,Black,0.022865441
Balzor,2/21/22,White,0.06853932
Balzor,2/22/22,Black,0.016088825
Balzor,2/22/22,White,0.039314106
Balzor,2/23/22,Black,0.007462517
Balzor,2/23/22,White,0.05659463
Balzor,2/24/22,Black,0.001405548
Balzor,2/24/22,White,0.030604055
Balzor,2/25/22,Black,0.00587125
Balzor,2/25/22,White,0.038960766
Balzor,2/26/22,Black,0.014444612
Balzor,2/26/22,White,0.043029852
Balzor,2/27/22,Black,0.010580269
Balzor,2/27/22,White,0.06308373
Balzor,2/28/22,Black,0.021174822
Balzor,2/28/22,White,0.091797808
Balzor,3/1/22,Black,0.020918116
Balzor,3/1/22,White,0.075718691
Balzor,3/2/22,Black,0.020333769
Balzor,3/2/22,White,0.071523554
Balzor,3/3/22,Black,0.020079958
Balzor,3/3/22,White,0.068488155
Balzor,3/4/22,Black,0.01818017
Balzor,3/4/22,White,0.062006161
Balzor,3/5/22,Black,0.011037695
Balzor,3/5/22,White,0.042913847
Balzor,3/6/22,Black,0.009453792
Balzor,3/6/22,White,0.033871386
Balzor,3/7/22,Black,0.007905412
Balzor,3/7/22,White,0.029718843
Balzor,3/8/22,Black,0.01205151
Balzor,3/8/22,White,0.02669731
Balzor,3/9/22,Black,0.01587816
Balzor,3/9/22,White,0.027907237
Balzor,3/10/22,Black,0.012176533
Balzor,3/10/22,White,0.024437426
Balzor,3/11/22,Black,0.020120774
Balzor,3/11/22,White,0.047660186
Balzor,3/12/22,Black,0.023290662
Balzor,3/12/22,White,0.048866513
Balzor,3/13/22,Black,0.025186598
Balzor,3/13/22,White,0.047682087
Balzor,3/14/22,Black,0.07793981
Balzor,3/14/22,White,0.091876575
Balzor,3/15/22,Black,0.132740153
Balzor,3/15/22,White,0.156762019
Balzor,3/16/22,Black,0.129942234
Balzor,3/16/22,White,0.153674692
Balzor,3/17/22,Black,0.127331577
Balzor,3/17/22,White,0.147984543
Balzor,3/18/22,Black,0.128112389
Balzor,3/18/22,White,0.149705342
Balzor,3/19/22,Black,0.126134962
Balzor,3/19/22,White,0.149689064
Balzor,3/20/22,Black,0.127837415
Balzor,3/20/22,White,0.14739638
Balzor,3/21/22,Black,0.125742255
Balzor,3/21/22,White,0.143603566
Balzor,3/22/22,Black,0.129687923
Balzor,3/22/22,White,0.147273295
Balzor,3/23/22,Black,0.128852993
Balzor,3/23/22,White,0.146813208
Balzor,3/24/22,Black,0.127359086
Balzor,3/24/22,White,0.145518502
Balzor,3/25/22,Black,0.125863683
Balzor,3/25/22,White,0.144056335
Balzor,3/26/22,Black,0.124842322
Balzor,3/26/22,White,0.142310577
Balzor,3/27/22,Black,0.120579431
Balzor,3/27/22,White,0.138968788
Balzor,3/28/22,Black,0.118111863
Balzor,3/28/22,White,0.137026068
Balzor,3/29/22,Black,0.116252319
Balzor,3/29/22,White,0.135464807
Balzor,3/30/22,Black,0.112355029
Balzor,3/30/22,White,0.132219956
Balzor,3/31/22,Black,0.113112392
Balzor,3/31/22,White,0.130671691
Balzor,4/1/22,Black,0.113033864
Balzor,4/1/22,White,0.128814675
Balzor,4/2/22,Black,0.11379263
Balzor,4/2/22,White,0.129130151
Balzor,4/3/22,Black,0.111054503
Balzor,4/3/22,White,0.12660789
Balzor,4/4/22,Black,0.10726058
Balzor,4/4/22,White,0.12358517
Balzor,4/5/22,Black,0.106160413
Balzor,4/5/22,White,0.120999217
Balzor,4/6/22,Black,0.107931674
Balzor,4/6/22,White,0.119378085
Balzor,4/7/22,Black,0.110603412
Balzor,4/7/22,White,0.121793326
Balzor,4/8/22,Black,0.110479346
Balzor,4/8/22,White,0.122400324
Balzor,4/9/22,Black,0.104939752
Balzor,4/9/22,White,0.117280493
Balzor,4/10/22,Black,0.100530297
Balzor,4/10/22,White,0.115610919
Balzor,4/11/22,Black,0.109513664
Balzor,4/11/22,White,0.123854687
Balzor,4/12/22,Black,0.127226964
Balzor,4/12/22,White,0.143115113
Balzor,4/13/22,Black,0.128043542
Balzor,4/13/22,White,0.145621468
Balzor,4/14/22,Black,0.136551637
Balzor,4/14/22,White,0.148948216
Balzor,4/15/22,Black,0.138156077
Balzor,4/15/22,White,0.145233771
Balzor,4/16/22,Black,0.137776662
Balzor,4/16/22,White,0.148548257
Balzor,4/17/22,Black,0.135170987
Balzor,4/17/22,White,0.144266648
Balzor,4/18/22,Black,0.131212555
Balzor,4/18/22,White,0.142830831
Balzor,4/19/22,Black,0.135801723
Balzor,4/19/22,White,0.150728175
Balzor,4/20/22,Black,0.139310168
Balzor,4/20/22,White,0.149591079
Balzor,4/21/22,Black,0.135912219
Balzor,4/21/22,White,0.147857592
Balzor,4/22/22,Black,0.134429691
Balzor,4/22/22,White,0.146631988
Balzor,4/23/22,Black,0.130500625
Balzor,4/23/22,White,0.143901363
Balzor,4/24/22,Black,0.13126553
Balzor,4/24/22,White,0.142985737
Balzor,4/25/22,Black,0.128063321
Balzor,4/25/22,White,0.141784345
Balzor,4/26/22,Black,0.126402808
Balzor,4/26/22,White,0.141817614
Balzor,4/27/22,Black,0.125456003
Balzor,4/27/22,White,0.141137959
Balzor,4/28/22,Black,0.129134302
Balzor,4/28/22,White,0.150134083
Balzor,4/29/22,Black,0.132433077
Balzor,4/29/22,White,0.147188512
Balzor,4/30/22,Black,0.143335618
Balzor,4/30/22,White,0.161796804
Balzor,5/1/22,Black,0.154591783
Balzor,5/1/22,White,0.168739863
Balzor,5/2/22,Black,0.145690896
Balzor,5/2/22,White,0.161946688
Balzor,5/3/22,Black,0.166617963
Balzor,5/3/22,White,0.17662964
Balzor,5/4/22,Black,0.160901017
Balzor,5/4/22,White,0.167148225
Balzor,5/5/22,Black,0.155389525
Balzor,5/5/22,White,0.163847139
Balzor,5/6/22,Black,0.15344625
Balzor,5/6/22,White,0.163242776
Balzor,5/7/22,Black,0.154909529
Balzor,5/7/22,White,0.167060858
Balzor,5/8/22,Black,0.153373763
Balzor,5/8/22,White,0.161392562
Balzor,5/9/22,Black,0.147532236
Balzor,5/9/22,White,0.156560623
Balzor,5/10/22,Black,0.145129619
Balzor,5/10/22,White,0.150118685
Balzor,5/11/22,Black,0.144134659
Balzor,5/11/22,White,0.146552991
Balzor,5/12/22,Black,0.143011438
Balzor,5/12/22,White,0.14697196
Balzor,5/13/22,Black,0.144191254
Balzor,5/13/22,White,0.148762385
Balzor,5/14/22,Black,0.141790111
Balzor,5/14/22,White,0.147833426
Balzor,5/15/22,Black,0.141549271
Balzor,5/15/22,White,0.147835399
Balzor,5/16/22,Black,0.138004599
Balzor,5/16/22,White,0.145045578
Balzor,5/17/22,Black,0.135801784
Balzor,5/17/22,White,0.143165771
Balzor,5/18/22,Black,0.130154713
Balzor,5/18/22,White,0.13894348
Balzor,5/19/22,Black,0.122697867
Balzor,5/19/22,White,0.132547665
Balzor,5/20/22,Black,0.122987432
Balzor,5/20/22,White,0.131240739
Balzor,5/21/22,Black,0.120668259
Balzor,5/21/22,White,0.129687876
Balzor,5/22/22,Black,0.121450142
Balzor,5/22/22,White,0.128261873
Balzor,5/23/22,Black,0.119718278
Balzor,5/23/22,White,0.125415937
Balzor,5/24/22,Black,0.118509433
Balzor,5/24/22,White,0.124939168
Balzor,5/25/22,Black,0.116104196
Balzor,5/25/22,White,0.124627378
Balzor,5/26/22,Black,0.111060191
Balzor,5/26/22,White,0.123151576
Balzor,5/27/22,Black,0.103996798
Balzor,5/27/22,White,0.119397402
Balzor,5/28/22,Black,0.100934992
Balzor,5/28/22,White,0.121309635
Balzor,5/29/22,Black,0.116543914
Balzor,5/29/22,White,0.14004242
Balzor,5/30/22,Black,0.143877834
Balzor,5/30/22,White,0.155776349
Balzor,5/31/22,Black,0.14286687
Balzor,5/31/22,White,0.145012561
Balzor,6/1/22,Black,0.140764282
Balzor,6/1/22,White,0.1441498
Balzor,6/2/22,Black,0.13413502
Balzor,6/2/22,White,0.14207124
Balzor,6/3/22,Black,0.129275997
Balzor,6/3/22,White,0.140546753
Balzor,6/4/22,Black,0.121711037
Balzor,6/4/22,White,0.136469309
Balzor,6/5/22,Black,0.126565222
Balzor,6/5/22,White,0.144724498
Balzor,6/6/22,Black,0.132199759
Balzor,6/6/22,White,0.145086048
Balzor,6/7/22,Black,0.128114548
Balzor,6/7/22,White,0.142438683
Balzor,6/8/22,Black,0.12468548
Balzor,6/8/22,White,0.147200444
Balzor,6/9/22,Black,0.124886954
Balzor,6/9/22,White,0.14496905
Balzor,6/10/22,Black,0.111345549
Balzor,6/10/22,White,0.142119614
Balzor,6/11/22,Black,0.103231911
Balzor,6/11/22,White,0.136505296
Balzor,6/12/22,Black,0.143656572
Balzor,6/12/22,White,0.186239745
Balzor,6/13/22,Black,0.152568514
Balzor,6/13/22,White,0.175954254
Balzor,6/14/22,Black,0.151478309
Balzor,6/14/22,White,0.169154724
Balzor,6/15/22,Black,0.150254546
Balzor,6/15/22,White,0.167361091
Balzor,6/16/22,Black,0.143640873
Balzor,6/16/22,White,0.163423489
Balzor,6/17/22,Black,0.137154202
Balzor,6/17/22,White,0.156571699
Balzor,6/18/22,Black,0.132573936
Balzor,6/18/22,White,0.152372636
Balzor,6/19/22,Black,0.126296807
Balzor,6/19/22,White,0.146944931
Balzor,6/20/22,Black,0.12693179
Balzor,6/20/22,White,0.144948056
Balzor,6/21/22,Black,0.124717858
Balzor,6/21/22,White,0.141185661
Balzor,6/22/22,Black,0.121692501
Balzor,6/22/22,White,0.136418055
Balzor,6/23/22,Black,0.120710287
Balzor,6/23/22,White,0.13278549
Balzor,6/24/22,Black,0.111060839
Balzor,6/24/22,White,0.127671177
Balzor,6/25/22,Black,0.104912102
Balzor,6/25/22,White,0.123935749
Balzor,6/26/22,Black,0.101762662
Balzor,6/26/22,White,0.121682159
Balzor,6/27/22,Black,0.096214432
Balzor,6/27/22,White,0.11713704
Balzor,6/28/22,Black,0.086591959
Balzor,6/28/22,White,0.110944538
Balzor,6/29/22,Black,0.079428087
Balzor,6/29/22,White,0.105864724
Balzor,6/30/22,Black,0.075822148
Balzor,6/30/22,White,0.101803648
Balzor,7/1/22,Black,0.063431635
Balzor,7/1/22,White,0.099043708
Balzor,7/2/22,Black,0.061228275
Balzor,7/2/22,White,0.094038493
Balzor,7/3/22,Black,0.05923946
Balzor,7/3/22,White,0.092342812
Balzor,7/4/22,Black,0.053019334
Balzor,7/4/22,White,0.090407783
Balzor,7/5/22,White,0.102687756
Balzor,7/6/22,White,0.102254781
Balzor,7/7/22,White,0.100036371
Balzor,7/8/22,White,0.096889916
Balzor,7/9/22,White,0.094174634
Balzor,7/10/22,White,0.091228687
Balzor,7/11/22,White,0.088891769
Balzor,7/12/22,White,0.087478345
Balzor,7/13/22,White,0.08537353
Balzor,7/14/22,White,0.08309595
Balzor,7/15/22,White,0.080904951
Balzor,7/16/22,White,0.077987421
Balzor,7/17/22,White,0.075311664
Balzor,7/18/22,White,0.073573015
Balzor,7/19/22,White,0.0719736
Balzor,7/20/22,White,0.071266081
Balzor,7/21/22,White,0.069519974
Balzor,7/22/22,White,0.067529858
Balzor,7/23/22,White,0.0657489
Balzor,7/24/22,White,0.0640777
Balzor,7/25/22,White,0.063256561
Balzor,7/26/22,White,0.063267154
Balzor,7/27/22,White,0.062563344
Balzor,7/28/22,White,0.061835942
Balzor,7/29/22,White,0.060461814
Balzor,7/30/22,White,0.059327178
Balzor,7/31/22,White,0.058192254
Balzor,8/1/22,White,0.058113959
Balzor,8/2/22,White,0.05642506
Balzor,8/3/22,White,0.056476141
Balzor,8/4/22,White,0.057467087
Balzor,8/5/22,White,0.056247645
Balzor,8/6/22,White,0.055422227
Balzor,8/7/22,White,0.055728794
Balzor,8/8/22,White,0.056085522
Balzor,8/9/22,White,0.056183574
Balzor,8/10/22,White,0.056500364
Balzor,8/11/22,White,0.059025391
Balzor,8/12/22,White,0.061296829
Balzor,8/13/22,White,0.061463767
Balzor,8/14/22,White,0.060497673
Balzor,8/15/22,White,0.060164639
Balzor,8/16/22,White,0.059182658
Balzor,8/17/22,White,0.058199862
Balzor,8/18/22,White,0.055771593
Balzor,8/19/22,White,0.055436559
Balzor,8/20/22,White,0.056079686
Balzor,8/21/22,White,0.056740728
Balzor,8/22/22,White,0.057314989
Balzor,8/23/22,White,0.056248767
Balzor,8/24/22,White,0.031134437
Balzor,8/25/22,Black,-0.020702714
Balzor,8/25/22,White,-0.0079095
Balzor,8/26/22,Black,-0.020330162
Balzor,8/26/22,White,4.70E-05
Balzor,8/27/22,Black,-0.020235918
Balzor,8/27/22,White,-0.000890043
Balzor,8/28/22,Black,-0.020422551
Balzor,8/28/22,White,-0.001426816
Balzor,8/29/22,Black,-0.019776466
Balzor,8/29/22,White,-0.010511102
Balzor,8/30/22,Black,0.003153505
Balzor,8/30/22,White,-0.001082438
Balzor,NA,Black,0.087186743
Wildcat,9/1/21,Black,0.102067975
Wildcat,9/1/21,White,0.111004823
Wildcat,9/10/21,Black,0.130771026
Wildcat,9/10/21,White,0.146964386
Wildcat,9/11/21,Black,0.128793173
Wildcat,9/11/21,White,0.146113217
Wildcat,9/12/21,Black,0.140094515
Wildcat,9/12/21,White,0.155420955
Wildcat,9/13/21,Black,0.134043373
Wildcat,9/13/21,White,0.151189551
Wildcat,9/14/21,Black,0.147471316
Wildcat,9/14/21,White,0.162367165
Wildcat,9/15/21,Black,0.149042353
Wildcat,9/15/21,White,0.164683409
Wildcat,9/16/21,Black,0.144187585
Wildcat,9/16/21,White,0.160584427
Wildcat,9/17/21,Black,0.145896211
Wildcat,9/17/21,White,0.162033811
Wildcat,9/18/21,Black,0.140970983
Wildcat,9/18/21,White,0.15767879
Wildcat,9/19/21,Black,0.136004277
Wildcat,9/19/21,White,0.151396379
Wildcat,9/20/21,Black,0.138593063
Wildcat,9/20/21,White,0.149713278
Wildcat,9/21/21,Black,0.135349371
Wildcat,9/21/21,White,0.149500757
Wildcat,9/22/21,Black,0.136652097
Wildcat,9/22/21,White,0.146745421
Wildcat,9/23/21,Black,0.1422344
Wildcat,9/23/21,White,0.158237018
Wildcat,9/24/21,Black,0.158221863
Wildcat,9/24/21,White,0.17541118
Wildcat,9/25/21,Black,0.165310591
Wildcat,9/25/21,White,0.180222645
Wildcat,9/26/21,Black,0.170818292
Wildcat,9/26/21,White,0.182214066
Wildcat,9/27/21,Black,0.16899427
Wildcat,9/27/21,White,0.179840729
Wildcat,9/28/21,Black,0.165107228
Wildcat,9/28/21,White,0.177248538
Wildcat,9/29/21,Black,0.158718869
Wildcat,9/29/21,White,0.173238233
Wildcat,9/30/21,Black,0.153081439
Wildcat,9/30/21,White,0.169193469
Wildcat,11/22/21,Black,0.140340887
Wildcat,11/22/21,White,0.159651384
Wildcat,11/23/21,Black,0.137943467
Wildcat,11/23/21,White,0.151894882
Wildcat,11/24/21,Black,0.139473844
Wildcat,11/24/21,White,0.154732428
Wildcat,11/25/21,Black,0.134899803
Wildcat,11/25/21,White,0.148203459
Wildcat,11/26/21,Black,0.13645637
Wildcat,11/26/21,White,0.151801784
Wildcat,11/27/21,Black,0.138604371
Wildcat,11/27/21,White,0.154107783
Wildcat,11/28/21,Black,0.138273174
Wildcat,11/28/21,White,0.153794333
Wildcat,11/29/21,Black,0.136438029
Wildcat,11/29/21,White,0.15274547
Wildcat,11/30/21,Black,0.135673789
Wildcat,11/30/21,White,0.151903443
Wildcat,12/1/21,Black,0.135891287
Wildcat,12/1/21,White,0.152004994
Wildcat,12/2/21,Black,0.134802276
Wildcat,12/2/21,White,0.151585989
Wildcat,12/3/21,Black,0.133608483
Wildcat,12/3/21,White,0.150641434
Wildcat,12/4/21,Black,0.130548568
Wildcat,12/4/21,White,0.147995848
Wildcat,12/5/21,Black,0.134054331
Wildcat,12/5/21,White,0.150957372
Wildcat,12/6/21,Black,0.140343335
Wildcat,12/6/21,White,0.171149328
Wildcat,12/7/21,Black,0.171395723
Wildcat,12/7/21,White,0.203519896
Wildcat,12/8/21,Black,0.180947341
Wildcat,12/8/21,White,0.205759943
Wildcat,12/9/21,Black,0.175360844
Wildcat,12/9/21,White,0.200582746
Wildcat,12/10/21,Black,0.154831668
Wildcat,12/10/21,White,0.180662279
Wildcat,12/11/21,Black,0.151796659
Wildcat,12/11/21,White,0.178825051
Wildcat,12/12/21,Black,0.153929782
Wildcat,12/12/21,White,0.180860256
Wildcat,12/13/21,Black,0.159164881
Wildcat,12/13/21,White,0.188492248
Wildcat,12/14/21,Black,0.178167365
Wildcat,12/14/21,White,0.205123169
Wildcat,12/15/21,Black,0.177459503
Wildcat,12/15/21,White,0.199752539
Wildcat,12/16/21,Black,0.170781113
Wildcat,12/16/21,White,0.19080811
Wildcat,12/17/21,Black,0.17407833
Wildcat,12/17/21,White,0.196934409
Wildcat,12/18/21,Black,0.164928553
Wildcat,12/18/21,White,0.18639336
Wildcat,12/19/21,Black,0.159029998
Wildcat,12/19/21,White,0.176017063
Wildcat,12/20/21,Black,0.163557758
Wildcat,12/20/21,White,0.177929776
Wildcat,12/21/21,Black,0.1590244
Wildcat,12/21/21,White,0.176808196
Wildcat,12/22/21,Black,0.160469999
Wildcat,12/22/21,White,0.175865471
Wildcat,12/23/21,Black,0.172639683
Wildcat,12/23/21,White,0.198751946
Wildcat,12/24/21,Black,0.20936211
Wildcat,12/24/21,White,0.235039199
Wildcat,12/25/21,Black,0.221531155
Wildcat,12/25/21,White,0.236173155
Wildcat,12/26/21,Black,0.226555536
Wildcat,12/26/21,White,0.234112347
Wildcat,12/27/21,Black,0.215507843
Wildcat,12/27/21,White,0.20819327
Wildcat,12/28/21,Black,0.181383438
Wildcat,12/28/21,White,0.167894881
Wildcat,12/29/21,Black,0.141997281
Wildcat,12/29/21,White,0.135510017
Wildcat,12/30/21,Black,0.138223937
Wildcat,12/30/21,White,0.12657644
Wildcat,12/31/21,Black,0.131861009
Wildcat,12/31/21,White,0.11905839
Wildcat,1/1/22,Black,0.111681432
Wildcat,1/1/22,White,0.108625898
Wildcat,1/2/22,Black,0.095300266
Wildcat,1/2/22,White,0.091203039
Wildcat,1/3/22,Black,0.099150066
Wildcat,1/3/22,White,0.110481698
Wildcat,1/4/22,Black,0.133244544
Wildcat,1/4/22,White,0.130105982
Wildcat,1/5/22,Black,0.196946765
Wildcat,1/5/22,White,0.164473644
Wildcat,1/6/22,Black,0.256846307
Wildcat,1/6/22,White,0.201363539
Wildcat,1/7/22,Black,0.290682711
Wildcat,1/7/22,White,0.255775087
Wildcat,1/8/22,Black,0.282323323
Wildcat,1/8/22,White,0.260572271
Wildcat,1/9/22,Black,0.241076605
Wildcat,1/9/22,White,0.224295886
Wildcat,1/10/22,Black,0.200205164
Wildcat,1/10/22,White,0.154747847
Wildcat,1/11/22,Black,0.180011984
Wildcat,1/11/22,White,0.120119214
Wildcat,1/12/22,Black,0.165648485
Wildcat,1/12/22,White,0.109606727
Wildcat,1/13/22,Black,0.158508783
Wildcat,1/13/22,White,0.101636163
Wildcat,1/14/22,Black,0.15673545
Wildcat,1/14/22,White,0.23130016
Wildcat,1/15/22,Black,0.151598766
Wildcat,1/15/22,White,0.159044109
Wildcat,1/16/22,Black,0.149495415
Wildcat,1/16/22,White,0.147172436
Wildcat,1/17/22,Black,0.141184762
Wildcat,1/17/22,White,0.139887653
Wildcat,1/18/22,Black,0.138585828
Wildcat,1/18/22,White,0.140538193
Wildcat,1/19/22,Black,0.140116595
Wildcat,1/19/22,White,0.147800907
Wildcat,1/20/22,Black,0.145218298
Wildcat,1/20/22,White,0.154550068
Wildcat,1/21/22,Black,0.146951504
Wildcat,1/21/22,White,0.209232494
Wildcat,1/22/22,Black,0.134631738
Wildcat,1/22/22,White,0.187474839
Wildcat,1/23/22,Black,0.134484529
Wildcat,1/23/22,White,0.175047942
Wildcat,1/24/22,Black,0.131863445
Wildcat,1/24/22,White,0.174246229
Wildcat,1/25/22,Black,0.119858898
Wildcat,1/25/22,White,0.159846686
Wildcat,1/26/22,Black,0.11472474
Wildcat,1/26/22,White,0.148443483
Wildcat,1/27/22,Black,0.102564499
Wildcat,1/27/22,White,0.138561405
Wildcat,1/28/22,Black,0.06948489
Wildcat,1/28/22,White,0.107947208
Wildcat,1/29/22,Black,0.052890647
Wildcat,1/29/22,White,0.07976808
Wildcat,1/30/22,Black,0.048194882
Wildcat,1/30/22,White,0.075191569
Wildcat,1/31/22,Black,0.057360189
Wildcat,1/31/22,White,0.080224086
Wildcat,2/1/22,Black,0.060412953
Wildcat,2/1/22,White,0.081919976
Wildcat,2/2/22,Black,0.064551139
Wildcat,2/2/22,White,0.083108447
Wildcat,2/3/22,Black,0.074169721
Wildcat,2/3/22,White,0.087401826
Wildcat,2/4/22,Black,0.051016171
Wildcat,2/4/22,White,0.082141321
Wildcat,2/5/22,Black,0.050924887
Wildcat,2/5/22,White,0.081183478
Wildcat,2/6/22,Black,0.050072776
Wildcat,2/6/22,White,0.083569184
Wildcat,2/7/22,Black,0.035890926
Wildcat,2/7/22,White,0.08381667
Wildcat,2/8/22,Black,0.031522199
Wildcat,2/8/22,White,0.083327305
Wildcat,2/9/22,Black,0.032846218
Wildcat,2/9/22,White,0.08784993
Wildcat,2/10/22,Black,0.036219893
Wildcat,2/10/22,White,0.100526951
Wildcat,2/11/22,Black,0.035198377
Wildcat,2/11/22,White,0.121278688
Wildcat,2/12/22,Black,0.028711534
Wildcat,2/12/22,White,0.128973182
Wildcat,2/13/22,Black,0.021602325
Wildcat,2/13/22,White,0.114453558
Wildcat,2/14/22,Black,0.018975593
Wildcat,2/14/22,White,0.113807291
Wildcat,2/15/22,Black,0.025589596
Wildcat,2/15/22,White,0.129581444
Wildcat,2/16/22,Black,0.024803269
Wildcat,2/16/22,White,0.139676586
Wildcat,2/17/22,Black,0.024010361
Wildcat,2/17/22,White,0.139459558
Wildcat,2/18/22,Black,0.023211477
Wildcat,2/18/22,White,0.135994114
Wildcat,2/19/22,Black,0.023211477
Wildcat,2/19/22,White,0.134689733
Wildcat,2/20/22,Black,0.021386595
Wildcat,2/20/22,White,0.134919859
Wildcat,2/21/22,Black,0.019800752
Wildcat,2/21/22,White,0.132300958
Wildcat,2/22/22,Black,0.017688222
Wildcat,2/22/22,White,0.12944971
Wildcat,2/23/22,Black,0.009655795
Wildcat,2/23/22,White,0.110678501
Wildcat,2/24/22,Black,0.013139482
Wildcat,2/24/22,White,0.092556737
Wildcat,2/25/22,Black,0.012581837
Wildcat,2/25/22,White,0.084010612
Wildcat,2/26/22,Black,0.009920791
Wildcat,2/26/22,White,0.08162868
Wildcat,2/27/22,Black,0.013954626
Wildcat,2/27/22,White,0.090650942
Wildcat,2/28/22,Black,0.014493754
Wildcat,2/28/22,White,0.112352822
Wildcat,3/1/22,Black,0.020051298
Wildcat,3/1/22,White,0.13050849
Wildcat,3/2/22,Black,0.021645609
Wildcat,3/2/22,White,0.134260036
Wildcat,3/3/22,Black,0.02085805
Wildcat,3/3/22,White,0.133170888
Wildcat,3/4/22,Black,0.017953631
Wildcat,3/4/22,White,0.130109735
Wildcat,3/5/22,Black,0.016363035
Wildcat,3/5/22,White,0.127907515
Wildcat,3/6/22,Black,0.013970613
Wildcat,3/6/22,White,0.123927023
Wildcat,3/7/22,Black,0.066212015
Wildcat,3/7/22,White,0.123250611
Wildcat,3/8/22,Black,0.117327717
Wildcat,3/8/22,White,0.15878775
Wildcat,3/9/22,Black,0.124398493
Wildcat,3/9/22,White,0.169060013
Wildcat,3/10/22,Black,0.121091652
Wildcat,3/10/22,White,0.147082635
Wildcat,3/11/22,Black,0.128437727
Wildcat,3/11/22,White,0.14317603
Wildcat,3/12/22,Black,0.131010389
Wildcat,3/12/22,White,0.149340013
Wildcat,3/13/22,Black,0.124477876
Wildcat,3/13/22,White,0.145417812
Wildcat,3/14/22,Black,0.12325373
Wildcat,3/14/22,White,0.142711011
Wildcat,3/15/22,Black,0.123918369
Wildcat,3/15/22,White,0.143704535
Wildcat,3/16/22,Black,0.122539068
Wildcat,3/16/22,White,0.141969346
Wildcat,3/17/22,Black,0.118404982
Wildcat,3/17/22,White,0.137565944
Wildcat,3/18/22,Black,0.120726129
Wildcat,3/18/22,White,0.138312995
Wildcat,3/19/22,Black,0.118675324
Wildcat,3/19/22,White,0.142029652
Wildcat,3/20/22,Black,0.123241338
Wildcat,3/20/22,White,0.146662349
Wildcat,3/21/22,Black,0.123031348
Wildcat,3/21/22,White,0.143854389
Wildcat,3/22/22,Black,0.124320362
Wildcat,3/22/22,White,0.143887415
Wildcat,3/23/22,Black,0.123357953
Wildcat,3/23/22,White,0.141962982
Wildcat,3/24/22,Black,0.122470413
Wildcat,3/24/22,White,0.139551723
Wildcat,3/25/22,Black,0.120956988
Wildcat,3/25/22,White,0.136563281
Wildcat,3/26/22,Black,0.12068222
Wildcat,3/26/22,White,0.134693073
Wildcat,3/27/22,Black,0.116241617
Wildcat,3/27/22,White,0.129894105
Wildcat,3/28/22,Black,0.114450874
Wildcat,3/28/22,White,0.128184049
Wildcat,3/29/22,Black,0.113605445
Wildcat,3/29/22,White,0.125786765
Wildcat,3/30/22,Black,0.111343443
Wildcat,3/30/22,White,0.121724179
Wildcat,3/31/22,Black,0.108836054
Wildcat,3/31/22,White,0.117807263
Wildcat,4/1/22,Black,0.110156378
Wildcat,4/1/22,White,0.117665776
Wildcat,4/2/22,Black,0.109895885
Wildcat,4/2/22,White,0.116869048
Wildcat,4/3/22,Black,0.108909518
Wildcat,4/3/22,White,0.115054733
Wildcat,4/4/22,Black,0.107245571
Wildcat,4/4/22,White,0.113397125
Wildcat,4/5/22,Black,0.103014323
Wildcat,4/5/22,White,0.108481845
Wildcat,4/6/22,Black,0.10632156
Wildcat,4/6/22,White,0.110316183
Wildcat,4/7/22,Black,0.106786551
Wildcat,4/7/22,White,0.110870497
Wildcat,4/8/22,Black,0.10606584
Wildcat,4/8/22,White,0.110527095
Wildcat,4/9/22,Black,0.102310735
Wildcat,4/9/22,White,0.106450247
Wildcat,4/10/22,Black,0.098168358
Wildcat,4/10/22,White,0.103549375
Wildcat,4/11/22,Black,0.102206353
Wildcat,4/11/22,White,0.12083469
Wildcat,4/12/22,Black,0.10751591
Wildcat,4/12/22,White,0.123403595
Wildcat,4/13/22,Black,0.104844279
Wildcat,4/13/22,White,0.11848858
Wildcat,4/14/22,Black,0.105240665
Wildcat,4/14/22,White,0.118514095
Wildcat,4/15/22,Black,0.108224467
Wildcat,4/15/22,White,0.120230349
Wildcat,4/16/22,Black,0.106779636
Wildcat,4/16/22,White,0.120478969
Wildcat,4/17/22,Black,0.111305723
Wildcat,4/17/22,White,0.122993249
Wildcat,4/18/22,Black,0.109925735
Wildcat,4/18/22,White,0.12071463
Wildcat,4/19/22,Black,0.109647427
Wildcat,4/19/22,White,0.118370971
Wildcat,4/20/22,Black,0.108286613
Wildcat,4/20/22,White,0.117629852
Wildcat,4/21/22,Black,0.106890307
Wildcat,4/21/22,White,0.11503092
Wildcat,4/22/22,Black,0.10653434
Wildcat,4/22/22,White,0.114508947
Wildcat,4/23/22,Black,0.105390007
Wildcat,4/23/22,White,0.112249271
Wildcat,4/24/22,Black,0.108580054
Wildcat,4/24/22,White,0.113322577
Wildcat,4/25/22,Black,0.104470048
Wildcat,4/25/22,White,0.109383141
Wildcat,4/26/22,Black,0.105227615
Wildcat,4/26/22,White,0.11098806
Wildcat,4/27/22,Black,0.10524812
Wildcat,4/27/22,White,0.110411975
Wildcat,4/28/22,Black,0.099488299
Wildcat,4/28/22,White,0.105148613
Wildcat,4/29/22,Black,0.101694751
Wildcat,4/29/22,White,0.106714168
Wildcat,4/30/22,Black,0.121113579
Wildcat,4/30/22,White,0.165385937
Wildcat,5/1/22,Black,0.133510487
Wildcat,5/1/22,White,0.161212176
Wildcat,5/2/22,Black,0.120142362
Wildcat,5/2/22,White,0.141330604
Wildcat,5/3/22,Black,0.187964449
Wildcat,5/3/22,White,0.198266708
Wildcat,5/4/22,Black,0.165345068
Wildcat,5/4/22,White,0.176690083
Wildcat,5/5/22,Black,0.146413603
Wildcat,5/5/22,White,0.158105983
Wildcat,5/6/22,Black,0.143622491
Wildcat,5/6/22,White,0.148795127
Wildcat,5/7/22,Black,0.14402431
Wildcat,5/7/22,White,0.17616709
Wildcat,5/8/22,Black,0.140301164
Wildcat,5/8/22,White,0.15486965
Wildcat,5/9/22,Black,0.135423393
Wildcat,5/9/22,White,0.146031393
Wildcat,5/10/22,Black,0.135439191
Wildcat,5/10/22,White,0.143761326
Wildcat,5/11/22,Black,0.134048728
Wildcat,5/11/22,White,0.139142267
Wildcat,5/12/22,Black,0.132329422
Wildcat,5/12/22,White,0.135041689
Wildcat,5/13/22,Black,0.133832917
Wildcat,5/13/22,White,0.136465893
Wildcat,5/14/22,Black,0.131609623
Wildcat,5/14/22,White,0.132861498
Wildcat,5/15/22,Black,0.132151186
Wildcat,5/15/22,White,0.131816274
Wildcat,5/16/22,Black,0.131716239
Wildcat,5/16/22,White,0.130810246
Wildcat,5/17/22,Black,0.129621136
Wildcat,5/17/22,White,0.127213323
Wildcat,5/18/22,Black,0.124155756
Wildcat,5/18/22,White,0.121599359
Wildcat,5/19/22,Black,0.115938895
Wildcat,5/19/22,White,0.113726545
Wildcat,5/20/22,Black,0.119173636
Wildcat,5/20/22,White,0.115386235
Wildcat,5/21/22,Black,0.117328068
Wildcat,5/21/22,White,0.113365152
Wildcat,5/22/22,Black,0.117541912
Wildcat,5/22/22,White,0.113921523
Wildcat,5/23/22,Black,0.115211016
Wildcat,5/23/22,White,0.111945133
Wildcat,5/24/22,Black,0.1143117
Wildcat,5/24/22,White,0.111882628
Wildcat,5/25/22,Black,0.114545777
Wildcat,5/25/22,White,0.112656305
Wildcat,5/26/22,Black,0.112511482
Wildcat,5/26/22,White,0.111521198
Wildcat,5/27/22,Black,0.106575161
Wildcat,5/27/22,White,0.106842623
Wildcat,5/28/22,Black,0.125569552
Wildcat,5/28/22,White,0.146231826
Wildcat,5/29/22,Black,0.138504295
Wildcat,5/29/22,White,0.150788524
Wildcat,5/30/22,Black,0.191568492
Wildcat,5/30/22,White,0.198602002
Wildcat,5/31/22,Black,0.179020986
Wildcat,5/31/22,White,0.187079072
Wildcat,6/1/22,Black,0.168079983
Wildcat,6/1/22,White,0.172291819
Wildcat,6/2/22,Black,0.157098205
Wildcat,6/2/22,White,0.15926289
Wildcat,6/3/22,Black,0.153664577
Wildcat,6/3/22,White,0.154108817
Wildcat,6/4/22,Black,0.145473046
Wildcat,6/4/22,White,0.144722797
Wildcat,6/5/22,Black,0.166280109
Wildcat,6/5/22,White,0.168813154
Wildcat,6/6/22,Black,0.168102876
Wildcat,6/6/22,White,0.171956556
Wildcat,6/7/22,Black,0.159990874
Wildcat,6/7/22,White,0.161449241
Wildcat,6/8/22,Black,0.15250831
Wildcat,6/8/22,White,0.154083211
Wildcat,6/9/22,Black,0.155668478
Wildcat,6/9/22,White,0.15643036
Wildcat,6/10/22,Black,0.159390916
Wildcat,6/10/22,White,0.156419978
Wildcat,6/11/22,Black,0.155003863
Wildcat,6/11/22,White,0.152034864
Wildcat,6/12/22,Black,0.220868812
Wildcat,6/12/22,White,0.221199969
Wildcat,6/13/22,Black,0.232843276
Wildcat,6/13/22,White,0.234632166
Wildcat,6/14/22,Black,0.213657562
Wildcat,6/14/22,White,0.220391938
Wildcat,6/15/22,Black,0.20804874
Wildcat,6/15/22,White,0.21473185
Wildcat,6/16/22,Black,0.197950711
Wildcat,6/16/22,White,0.205026362
Wildcat,6/17/22,Black,0.186555188
Wildcat,6/17/22,White,0.193211418
Wildcat,6/18/22,Black,0.183539035
Wildcat,6/18/22,White,0.187104063
Wildcat,6/19/22,Black,0.174201995
Wildcat,6/19/22,White,0.176965935
Wildcat,6/20/22,Black,0.175222306
Wildcat,6/20/22,White,0.175183563
Wildcat,6/21/22,Black,0.174923711
Wildcat,6/21/22,White,0.172521681
Wildcat,6/22/22,Black,0.174728867
Wildcat,6/22/22,White,0.170902001
Wildcat,6/23/22,Black,0.173478888
Wildcat,6/23/22,White,0.169232812
Wildcat,6/24/22,Black,0.169263119
Wildcat,6/24/22,White,0.16476061
Wildcat,6/25/22,Black,0.168237176
Wildcat,6/25/22,White,0.162527174
Wildcat,6/26/22,Black,0.16810861
Wildcat,6/26/22,White,0.162030419
Wildcat,6/27/22,Black,0.169016056
Wildcat,6/27/22,White,0.162863951
Wildcat,6/28/22,Black,0.168484747
Wildcat,6/28/22,White,0.163097322
Wildcat,6/29/22,Black,0.163391173
Wildcat,6/29/22,White,0.158691477
Wildcat,6/30/22,Black,0.162997812
Wildcat,6/30/22,White,0.157632405
Wildcat,7/1/22,Black,0.162266791
Wildcat,7/1/22,White,0.157680916
Wildcat,7/2/22,Black,0.159777841
Wildcat,7/2/22,White,0.15557863
Wildcat,7/3/22,Black,0.157467812
Wildcat,7/3/22,White,0.154284269
Wildcat,7/4/22,Black,0.155440852
Wildcat,7/4/22,White,0.15229152
Wildcat,7/5/22,Black,0.155615287
Wildcat,7/5/22,White,0.15282368
Wildcat,7/6/22,Black,0.155549517
Wildcat,7/6/22,White,0.153329501
Wildcat,7/7/22,Black,0.154133692
Wildcat,7/7/22,White,0.152482837
Wildcat,7/8/22,Black,0.152522368
Wildcat,7/8/22,White,0.151455861
Wildcat,7/9/22,Black,0.150394313
Wildcat,7/9/22,White,0.150211079
Wildcat,7/10/22,Black,0.147359008
Wildcat,7/10/22,White,0.147782672
Wildcat,7/11/22,Black,0.145954841
Wildcat,7/11/22,White,0.146331927
Wildcat,7/12/22,Black,0.146309801
Wildcat,7/12/22,White,0.146075547
Wildcat,7/13/22,Black,0.1442285
Wildcat,7/13/22,White,0.145383313
Wildcat,7/14/22,Black,0.142135088
Wildcat,7/14/22,White,0.144075769
Wildcat,7/15/22,Black,0.140734762
Wildcat,7/15/22,White,0.142516937
Wildcat,7/16/22,Black,0.138203875
Wildcat,7/16/22,White,0.140633764
Wildcat,7/17/22,Black,0.134587212
Wildcat,7/17/22,White,0.13703503
Wildcat,7/18/22,Black,0.132144654
Wildcat,7/18/22,White,0.135588374
Wildcat,7/19/22,Black,0.131606749
Wildcat,7/19/22,White,0.134477332
Wildcat,7/20/22,Black,0.131397556
Wildcat,7/20/22,White,0.13461309
Wildcat,7/21/22,Black,0.128783722
Wildcat,7/21/22,White,0.132914902
Wildcat,7/22/22,Black,0.126846049
Wildcat,7/22/22,White,0.130954833
Wildcat,7/23/22,Black,0.12439971
Wildcat,7/23/22,White,0.128492604
Wildcat,7/24/22,Black,0.121699718
Wildcat,7/24/22,White,0.12641802
Wildcat,7/25/22,Black,0.121955285
Wildcat,7/25/22,White,0.12639668
Wildcat,7/26/22,Black,0.121228285
Wildcat,7/26/22,White,0.125392368
Wildcat,7/27/22,Black,0.120410482
Wildcat,7/27/22,White,0.124611745
Wildcat,7/28/22,Black,0.119456992
Wildcat,7/28/22,White,0.123326412
Wildcat,7/29/22,Black,0.117988044
Wildcat,7/29/22,White,0.121438497
Wildcat,7/30/22,Black,0.116239214
Wildcat,7/30/22,White,0.118772402
Wildcat,7/31/22,Black,0.113289529
Wildcat,7/31/22,White,0.11565078
Wildcat,8/1/22,Black,0.112998145
Wildcat,8/1/22,White,0.115531143
Wildcat,8/2/22,Black,0.107383264
Wildcat,8/2/22,White,0.111126473
Wildcat,8/3/22,Black,0.111312183
Wildcat,8/3/22,White,0.11335618
Wildcat,8/4/22,Black,0.111950266
Wildcat,8/4/22,White,0.113282748
Wildcat,8/5/22,Black,0.108580637
Wildcat,8/5/22,White,0.109803018
Wildcat,8/6/22,Black,0.107712148
Wildcat,8/6/22,White,0.109391987
Wildcat,8/7/22,Black,0.107155044
Wildcat,8/7/22,White,0.108133291
Wildcat,8/8/22,Black,0.106078605
Wildcat,8/8/22,White,0.106819087
Wildcat,8/9/22,Black,0.106329924
Wildcat,8/9/22,White,0.107743107
Wildcat,8/10/22,Black,0.105763734
Wildcat,8/10/22,White,0.108892084
Wildcat,8/11/22,Black,0.139288778
Wildcat,8/11/22,White,0.16016141
Wildcat,8/12/22,Black,0.16142001
Wildcat,8/12/22,White,0.166661782
Wildcat,8/13/22,Black,0.1563633
Wildcat,8/13/22,White,0.15784028
Wildcat,8/14/22,Black,0.152343016
Wildcat,8/14/22,White,0.152844042
Wildcat,8/15/22,Black,0.150512995
Wildcat,8/15/22,White,0.150878419
Wildcat,8/16/22,Black,0.148328173
Wildcat,8/16/22,White,0.149271567
Wildcat,8/17/22,Black,0.144866762
Wildcat,8/17/22,White,0.147518028
Wildcat,8/18/22,Black,0.137964447
Wildcat,8/18/22,White,0.143115564
Wildcat,8/19/22,Black,0.135408332
Wildcat,8/19/22,White,0.141600145
Wildcat,8/20/22,Black,0.131913314
Wildcat,8/20/22,White,0.138691199
Wildcat,8/21/22,Black,0.129975501
Wildcat,8/21/22,White,0.137199734
Wildcat,8/22/22,Black,0.125853021
Wildcat,8/22/22,White,0.133524846
Wildcat,8/23/22,Black,0.12253868
Wildcat,8/23/22,White,0.131030805
Wildcat,8/24/22,Black,0.11954174
Wildcat,8/24/22,White,0.128512145
Wildcat,8/25/22,Black,0.117853384
Wildcat,8/25/22,White,0.126962793
Wildcat,8/26/22,Black,0.115772592
Wildcat,8/26/22,White,0.124596835
Wildcat,8/27/22,Black,0.11155149
Wildcat,8/27/22,White,0.120619467
Wildcat,8/28/22,Black,0.108403104
Wildcat,8/28/22,White,0.11731586
Wildcat,8/29/22,Black,0.109135651
Wildcat,8/29/22,White,0.117685165
Wildcat,8/30/22,Black,0.108390418
Wildcat,8/30/22,White,0.116772769
Wildcat,8/31/22,Black,0.108547307
Wildcat,8/31/22,White,0.116635911
Wildcat,NA,Black,0.146100678
Wildcat,NA,White,0.162012793
Cheyenne,10/15/21,Black,0.101113841
Cheyenne,10/15/21,White,0.126828223
Cheyenne,10/16/21,Black,0.102431539
Cheyenne,10/16/21,White,NA
Cheyenne,10/17/21,Black,0.103132989
Cheyenne,10/17/21,White,NA
Cheyenne,10/18/21,Black,0.103833482
Cheyenne,10/18/21,White,0.125430897
Cheyenne,10/19/21,Black,0.144779101
Cheyenne,10/19/21,White,NA
Cheyenne,10/20/21,Black,0.186330043
Cheyenne,10/20/21,White,0.196129963
Cheyenne,10/21/21,Black,0.18056263
Cheyenne,10/21/21,White,0.203280374
Cheyenne,10/22/21,Black,0.176955819
Cheyenne,10/22/21,White,0.201248087
Cheyenne,10/23/21,Black,0.169733018
Cheyenne,10/23/21,White,0.195757642
Cheyenne,10/24/21,Black,0.167026654
Cheyenne,10/24/21,White,0.193479329
Cheyenne,10/25/21,Black,0.164983258
Cheyenne,10/25/21,White,0.191188872
Cheyenne,10/26/21,Black,0.162763856
Cheyenne,10/26/21,White,0.188961305
Cheyenne,10/27/21,Black,0.16421438
Cheyenne,10/27/21,White,0.19142063
Cheyenne,10/28/21,Black,0.163418211
Cheyenne,10/28/21,White,0.191264689
Cheyenne,10/29/21,Black,0.164302945
Cheyenne,10/29/21,White,0.191936396
Cheyenne,10/30/21,Black,0.162377417
Cheyenne,10/30/21,White,0.189944968
Cheyenne,10/31/21,Black,0.159340896
Cheyenne,10/31/21,White,0.187107787
Cheyenne,11/1/21,Black,0.177704722
Cheyenne,11/1/21,White,0.202634148
Cheyenne,11/2/21,Black,0.202438071
Cheyenne,11/2/21,White,0.23807545
Cheyenne,11/3/21,Black,0.205417357
Cheyenne,11/3/21,White,0.245781176
Cheyenne,11/4/21,Black,0.203365982
Cheyenne,11/4/21,White,0.241802789
Cheyenne,11/5/21,Black,0.199084923
Cheyenne,11/5/21,White,0.236230679
Cheyenne,11/6/21,Black,0.195499383
Cheyenne,11/6/21,White,0.229268618
Cheyenne,11/7/21,Black,0.192269847
Cheyenne,11/7/21,White,0.224731304
Cheyenne,11/8/21,Black,0.187847555
Cheyenne,11/8/21,White,0.220116504
Cheyenne,11/9/21,Black,0.184350915
Cheyenne,11/9/21,White,0.217190497
Cheyenne,11/10/21,Black,0.182484418
Cheyenne,11/10/21,White,0.214825355
Cheyenne,11/11/21,Black,0.179341756
Cheyenne,11/11/21,White,0.211010754
Cheyenne,11/12/21,Black,0.178148352
Cheyenne,11/12/21,White,0.209703989
Cheyenne,11/13/21,Black,0.178359807
Cheyenne,11/13/21,White,0.210054234
Cheyenne,11/14/21,Black,0.176926889
Cheyenne,11/14/21,White,0.20874431
Cheyenne,11/15/21,Black,0.177749865
Cheyenne,11/15/21,White,0.208765127
Cheyenne,11/16/21,Black,0.175564475
Cheyenne,11/16/21,White,0.206154257
Cheyenne,11/17/21,Black,0.171327479
Cheyenne,11/17/21,White,0.20184058
Cheyenne,11/18/21,Black,0.166539952
Cheyenne,11/18/21,White,NA
Cheyenne,11/19/21,Black,0.170278035
Cheyenne,11/19/21,White,0.199746758
Cheyenne,11/20/21,Black,0.168945871
Cheyenne,11/20/21,White,0.198106304
Cheyenne,11/21/21,Black,0.168057881
Cheyenne,11/21/21,White,0.196558952
Cheyenne,11/22/21,Black,0.168871053
Cheyenne,11/22/21,White,0.197822869
Cheyenne,11/23/21,Black,0.167676106
Cheyenne,11/23/21,White,0.196900129
Cheyenne,11/24/21,Black,0.165660486
Cheyenne,11/24/21,White,NA
Cheyenne,11/25/21,Black,0.163342267
Cheyenne,11/25/21,White,NA
Cheyenne,11/26/21,Black,0.166069306
Cheyenne,11/26/21,White,0.194579884
Cheyenne,11/27/21,Black,0.16508358
Cheyenne,11/27/21,White,0.193061642
Cheyenne,11/28/21,Black,0.164239317
Cheyenne,11/28/21,White,0.19245103
Cheyenne,11/29/21,Black,0.165877335
Cheyenne,11/29/21,White,0.194739603
Cheyenne,11/30/21,Black,0.164505169
Cheyenne,11/30/21,White,0.192472428
Cheyenne,12/1/21,Black,0.164890945
Cheyenne,12/1/21,White,0.19338242
Cheyenne,12/2/21,Black,0.1654929
Cheyenne,12/2/21,White,0.193926498
Cheyenne,12/3/21,Black,0.163491011
Cheyenne,12/3/21,White,0.190677688
Cheyenne,12/4/21,Black,0.162644655
Cheyenne,12/4/21,White,0.189879574
Cheyenne,12/5/21,Black,0.161626682
Cheyenne,12/5/21,White,0.18869064
Cheyenne,12/6/21,Black,0.157948047
Cheyenne,12/6/21,White,NA
Cheyenne,12/7/21,Black,0.159169629
Cheyenne,12/7/21,White,0.186416283
Cheyenne,12/8/21,Black,0.158778481
Cheyenne,12/8/21,White,0.185839973
Cheyenne,12/9/21,Black,0.158167444
Cheyenne,12/9/21,White,0.185676359
Cheyenne,12/10/21,Black,0.154703453
Cheyenne,12/10/21,White,0.182903253
Cheyenne,12/11/21,Black,0.14519811
Cheyenne,12/11/21,White,0.161932357
Cheyenne,12/12/21,Black,0.15468673
Cheyenne,12/12/21,White,0.172870062
Cheyenne,12/13/21,Black,0.155203767
Cheyenne,12/13/21,White,0.180860743
Cheyenne,12/14/21,Black,0.154588528
Cheyenne,12/14/21,White,0.179250911
Cheyenne,12/15/21,Black,0.153774731
Cheyenne,12/15/21,White,0.178501204
Cheyenne,12/16/21,Black,0.138366215
Cheyenne,12/16/21,White,NA
Cheyenne,12/17/21,Black,0.14079288
Cheyenne,12/17/21,White,NA
Cheyenne,12/18/21,Black,0.120702069
Cheyenne,12/18/21,White,NA
Cheyenne,12/19/21,Black,0.130035333
Cheyenne,12/19/21,White,NA
Cheyenne,12/20/21,Black,0.144481778
Cheyenne,12/20/21,White,0.151521694
Cheyenne,12/21/21,Black,0.155691914
Cheyenne,12/21/21,White,0.16760017
Cheyenne,12/22/21,Black,0.155494563
Cheyenne,12/22/21,White,0.182322279
Cheyenne,12/23/21,Black,0.155297041
Cheyenne,12/23/21,White,0.182322279
Cheyenne,12/24/21,Black,0.153843768
Cheyenne,12/24/21,White,0.180553086
Cheyenne,12/25/21,Black,0.152209058
Cheyenne,12/25/21,White,0.178630315
Cheyenne,12/26/21,Black,0.150989123
Cheyenne,12/26/21,White,0.178232171
Cheyenne,12/27/21,Black,0.14825248
Cheyenne,12/27/21,White,0.171516955
Cheyenne,12/28/21,Black,0.140885353
Cheyenne,12/28/21,White,0.151943427
Cheyenne,12/29/21,Black,0.122704308
Cheyenne,12/29/21,White,0.131010864
Cheyenne,12/30/21,Black,0.112011783
Cheyenne,12/30/21,White,0.122620177
Cheyenne,12/31/21,Black,0.110921182
Cheyenne,12/31/21,White,0.122511718
Cheyenne,1/1/22,Black,0.108439706
Cheyenne,1/1/22,White,0.120747041
Cheyenne,1/2/22,Black,0.108184822
Cheyenne,1/2/22,White,0.120513838
Cheyenne,1/3/22,Black,0.114546396
Cheyenne,1/3/22,White,0.123613991
Cheyenne,1/4/22,Black,0.115878239
Cheyenne,1/4/22,White,0.122763537
Cheyenne,1/5/22,Black,0.109499551
Cheyenne,1/5/22,White,0.118546627
Cheyenne,1/6/22,Black,0.107100926
Cheyenne,1/6/22,White,0.119424243
Cheyenne,1/7/22,Black,0.130641267
Cheyenne,1/7/22,White,0.12553839
Cheyenne,1/8/22,Black,0.133665372
Cheyenne,1/8/22,White,0.128649868
Cheyenne,1/9/22,Black,0.124244973
Cheyenne,1/9/22,White,0.120934114
Cheyenne,1/10/22,Black,0.128514484
Cheyenne,1/10/22,White,0.119685311
Cheyenne,1/11/22,Black,0.126540709
Cheyenne,1/11/22,White,0.121771868
Cheyenne,1/12/22,Black,0.133808989
Cheyenne,1/12/22,White,0.128738534
Cheyenne,1/13/22,Black,0.136886545
Cheyenne,1/13/22,White,0.15311731
Cheyenne,1/14/22,Black,0.148346592
Cheyenne,1/14/22,White,0.157378916
Cheyenne,1/15/22,Black,0.135387577
Cheyenne,1/15/22,White,0.124353897
Cheyenne,1/16/22,Black,0.144054841
Cheyenne,1/16/22,White,0.131305039
Cheyenne,1/17/22,Black,0.144890308
Cheyenne,1/17/22,White,0.13265086
Cheyenne,1/18/22,Black,0.161284205
Cheyenne,1/18/22,White,0.155905027
Cheyenne,1/19/22,Black,0.161932357
Cheyenne,1/19/22,White,0.150097579
Cheyenne,1/20/22,Black,0.130940016
Cheyenne,1/20/22,White,0.125831466
Cheyenne,1/21/22,Black,0.129204374
Cheyenne,1/21/22,White,0.127789225
Cheyenne,1/22/22,Black,0.126071408
Cheyenne,1/22/22,White,0.122152813
Cheyenne,1/23/22,Black,0.140277039
Cheyenne,1/23/22,White,0.126731906
Cheyenne,1/24/22,Black,0.140572485
Cheyenne,1/24/22,White,0.128310341
Cheyenne,1/25/22,Black,0.142070245
Cheyenne,1/25/22,White,0.12851914
Cheyenne,1/26/22,Black,0.125232503
Cheyenne,1/26/22,White,0.123672042
Cheyenne,1/27/22,Black,0.11838489
Cheyenne,1/27/22,White,0.122409597
Cheyenne,1/28/22,Black,0.120074421
Cheyenne,1/28/22,White,0.120839521
Cheyenne,1/29/22,Black,0.132376269
Cheyenne,1/29/22,White,0.122123815
Cheyenne,1/30/22,Black,0.143671971
Cheyenne,1/30/22,White,0.126168758
Cheyenne,1/31/22,Black,0.152054761
Cheyenne,1/31/22,White,0.131060135
Cheyenne,2/1/22,Black,0.143598918
Cheyenne,2/1/22,White,0.127428669
Cheyenne,2/2/22,Black,0.1206664
Cheyenne,2/2/22,White,0.122030459
Cheyenne,2/3/22,Black,0.117335711
Cheyenne,2/3/22,White,0.120459955
Cheyenne,2/4/22,Black,0.113372177
Cheyenne,2/4/22,White,0.119780812
Cheyenne,2/5/22,Black,0.128980625
Cheyenne,2/5/22,White,0.125368666
Cheyenne,2/6/22,Black,0.130202811
Cheyenne,2/6/22,White,0.1235939
Cheyenne,2/7/22,Black,0.139102537
Cheyenne,2/7/22,White,0.123209186
Cheyenne,2/8/22,Black,0.153580893
Cheyenne,2/8/22,White,0.138913438
Cheyenne,2/9/22,Black,0.152089506
Cheyenne,2/9/22,White,0.147211321
Cheyenne,2/10/22,Black,0.170872383
Cheyenne,2/10/22,White,0.155744337
Cheyenne,2/11/22,Black,0.17344822
Cheyenne,2/11/22,White,0.158143483
Cheyenne,2/12/22,Black,0.142500926
Cheyenne,2/12/22,White,0.128997345
Cheyenne,2/13/22,Black,0.151709437
Cheyenne,2/13/22,White,0.138141233
Cheyenne,2/14/22,Black,0.161006503
Cheyenne,2/14/22,White,0.145333052
Cheyenne,2/15/22,Black,0.173526704
Cheyenne,2/15/22,White,0.161323179
Cheyenne,2/16/22,Black,0.175958022
Cheyenne,2/16/22,White,0.166067302
Cheyenne,2/17/22,Black,0.165094793
Cheyenne,2/17/22,White,0.151162092
Cheyenne,2/18/22,Black,0.155386154
Cheyenne,2/18/22,White,0.137695864
Cheyenne,2/19/22,Black,0.166054137
Cheyenne,2/19/22,White,0.152994398
Cheyenne,2/20/22,Black,0.184078567
Cheyenne,2/20/22,White,0.183577858
Cheyenne,2/21/22,Black,0.154758334
Cheyenne,2/21/22,White,0.162605453
Cheyenne,2/22/22,Black,0.111240745
Cheyenne,2/22/22,White,0.110648021
Cheyenne,2/23/22,Black,0.10457338
Cheyenne,2/23/22,White,0.107575186
Cheyenne,2/24/22,Black,0.10855145
Cheyenne,2/24/22,White,0.108843006
Cheyenne,2/25/22,Black,0.116587039
Cheyenne,2/25/22,White,0.109916843
Cheyenne,2/26/22,Black,0.118223891
Cheyenne,2/26/22,White,0.110311691
Cheyenne,2/27/22,Black,0.145525139
Cheyenne,2/27/22,White,0.126161523
Cheyenne,2/28/22,Black,0.156310495
Cheyenne,2/28/22,White,0.159455229
Cheyenne,3/1/22,Black,0.185758784
Cheyenne,3/1/22,White,0.185052909
Cheyenne,3/2/22,Black,0.183327548
Cheyenne,3/2/22,White,0.20436959
Cheyenne,3/3/22,Black,NA
Cheyenne,3/3/22,White,0.20379024
Cheyenne,3/4/22,Black,0.17891448
Cheyenne,3/4/22,White,0.201130904
Cheyenne,3/5/22,Black,0.181783967
Cheyenne,3/5/22,White,0.203693919
Cheyenne,3/6/22,Black,0.180182636
Cheyenne,3/6/22,White,0.199091464
Cheyenne,3/7/22,Black,0.162255
Cheyenne,3/7/22,White,0.172416296
Cheyenne,3/8/22,Black,0.158350207
Cheyenne,3/8/22,White,0.136696942
Cheyenne,3/9/22,Black,0.168305553
Cheyenne,3/9/22,White,0.140740503
Cheyenne,3/10/22,Black,0.142647605
Cheyenne,3/10/22,White,0.134274472
Cheyenne,3/11/22,Black,0.131820925
Cheyenne,3/11/22,White,0.128264185
Cheyenne,3/12/22,Black,0.168112263
Cheyenne,3/12/22,White,0.144973513
Cheyenne,3/13/22,Black,NA
Cheyenne,3/13/22,White,0.189234111
Cheyenne,3/14/22,Black,NA
Cheyenne,3/14/22,White,0.209352285
Cheyenne,3/15/22,Black,NA
Cheyenne,3/15/22,White,0.205699965
Cheyenne,3/16/22,Black,NA
Cheyenne,3/16/22,White,0.207235292
Cheyenne,3/17/22,Black,0.204744905
Cheyenne,3/17/22,White,0.216691568
Cheyenne,3/18/22,Black,NA
Cheyenne,3/18/22,White,0.214734502
Cheyenne,3/19/22,Black,NA
Cheyenne,3/19/22,White,0.223353446
Cheyenne,3/20/22,Black,NA
Cheyenne,3/20/22,White,0.225652561
Cheyenne,3/21/22,Black,0.199368894
Cheyenne,3/21/22,White,0.220228396
Cheyenne,3/22/22,Black,0.193400472
Cheyenne,3/22/22,White,0.206952564
Cheyenne,3/23/22,Black,0.193039514
Cheyenne,3/23/22,White,0.206616133
Cheyenne,3/24/22,Black,NA
Cheyenne,3/24/22,White,0.210870311
Cheyenne,3/25/22,Black,NA
Cheyenne,3/25/22,White,0.208895341
Cheyenne,3/26/22,Black,NA
Cheyenne,3/26/22,White,0.208760843
Cheyenne,3/27/22,Black,NA
Cheyenne,3/27/22,White,0.207405411
Cheyenne,3/28/22,Black,NA
Cheyenne,3/28/22,White,0.205587164
Cheyenne,3/29/22,Black,0.186432377
Cheyenne,3/29/22,White,0.202178366
Cheyenne,3/30/22,Black,0.184247121
Cheyenne,3/30/22,White,0.198649049
Cheyenne,3/31/22,Black,NA
Cheyenne,3/31/22,White,0.19972863
Cheyenne,4/1/22,Black,0.187362567
Cheyenne,4/1/22,White,0.201451451
Cheyenne,4/2/22,Black,0.18573869
Cheyenne,4/2/22,White,0.200287022
Cheyenne,4/3/22,Black,0.184021659
Cheyenne,4/3/22,White,0.199437357
Cheyenne,4/4/22,Black,0.182800375
Cheyenne,4/4/22,White,0.198444642
Cheyenne,4/5/22,Black,0.180335999
Cheyenne,4/5/22,White,0.197056748
Cheyenne,4/6/22,Black,0.177570187
Cheyenne,4/6/22,White,0.194812
Cheyenne,4/7/22,Black,0.177570187
Cheyenne,4/7/22,White,0.194964364
Cheyenne,4/8/22,Black,0.179237083
Cheyenne,4/8/22,White,0.19650843
Cheyenne,4/9/22,Black,0.179693706
Cheyenne,4/9/22,White,0.197710708
Cheyenne,4/10/22,Black,0.177015737
Cheyenne,4/10/22,White,0.194910474
Cheyenne,4/11/22,Black,0.175953425
Cheyenne,4/11/22,White,0.192987315
Cheyenne,4/12/22,Black,0.174228705
Cheyenne,4/12/22,White,0.192296401
Cheyenne,4/13/22,Black,0.168266721
Cheyenne,4/13/22,White,0.180485241
Cheyenne,4/14/22,Black,0.168980137
Cheyenne,4/14/22,White,0.178086787
Cheyenne,4/15/22,Black,0.172215424
Cheyenne,4/15/22,White,0.188183852
Cheyenne,4/16/22,Black,0.173248328
Cheyenne,4/16/22,White,0.189793006
Cheyenne,4/17/22,Black,0.173617065
Cheyenne,4/17/22,White,0.190695807
Cheyenne,4/18/22,Black,0.17337174
Cheyenne,4/18/22,White,0.190848432
Cheyenne,4/19/22,Black,0.173947647
Cheyenne,4/19/22,White,0.192696691
Cheyenne,4/20/22,Black,0.171855979
Cheyenne,4/20/22,White,0.192780808
Cheyenne,4/21/22,Black,0.171198756
Cheyenne,4/21/22,White,0.192310832
Cheyenne,4/22/22,Black,0.170425296
Cheyenne,4/22/22,White,0.194179192
Cheyenne,4/23/22,Black,0.165913172
Cheyenne,4/23/22,White,0.190308183
Cheyenne,4/24/22,Black,0.164295956
Cheyenne,4/24/22,White,0.188600197
Cheyenne,4/25/22,Black,0.164426252
Cheyenne,4/25/22,White,0.187739208
Cheyenne,4/26/22,Black,0.164142102
Cheyenne,4/26/22,White,0.1886428
Cheyenne,4/27/22,Black,0.156519689
Cheyenne,4/27/22,White,0.166053355
Cheyenne,4/28/22,Black,0.154411256
Cheyenne,4/28/22,White,0.165852755
Cheyenne,4/29/22,Black,0.151310742
Cheyenne,4/29/22,White,0.163831174
Cheyenne,4/30/22,Black,0.149824537
Cheyenne,4/30/22,White,0.162590839
Cheyenne,5/1/22,Black,0.147967212
Cheyenne,5/1/22,White,0.161360309
Cheyenne,5/2/22,Black,0.156552732
Cheyenne,5/2/22,White,0.195903331
Cheyenne,5/3/22,Black,0.167665541
Cheyenne,5/3/22,White,0.209662408
Cheyenne,5/4/22,Black,0.196489818
Cheyenne,5/4/22,White,0.227587193
Cheyenne,5/5/22,Black,0.228660852
Cheyenne,5/5/22,White,0.241266549
Cheyenne,5/6/22,Black,0.094046952
Cheyenne,5/6/22,White,0.257923156
Cheyenne,5/7/22,Black,NA
Cheyenne,5/7/22,White,0.249553874
Cheyenne,5/8/22,Black,NA
Cheyenne,5/8/22,White,0.242000699
Cheyenne,5/9/22,Black,0.086518543
Cheyenne,5/9/22,White,0.23873625
Cheyenne,5/10/22,Black,0.086960092
Cheyenne,5/10/22,White,0.230328225
Cheyenne,5/11/22,Black,NA
Cheyenne,5/11/22,White,0.228510268
Cheyenne,5/12/22,Black,0.08015627
Cheyenne,5/12/22,White,0.120991775
Cheyenne,5/13/22,Black,0.079739749
Cheyenne,5/13/22,White,0.221387103
Cheyenne,5/14/22,Black,0.076620394
Cheyenne,5/14/22,White,0.218661204
Cheyenne,5/15/22,Black,0.06988249
Cheyenne,5/15/22,White,0.218464285
Cheyenne,5/16/22,Black,0.062510232
Cheyenne,5/16/22,White,0.215574041
Cheyenne,5/17/22,Black,0.058187604
Cheyenne,5/17/22,White,0.211925834
Cheyenne,5/18/22,Black,0.059201814
Cheyenne,5/18/22,White,0.209861435
Cheyenne,5/19/22,Black,NA
Cheyenne,5/19/22,White,0.203454018
Cheyenne,5/20/22,Black,0.060858672
Cheyenne,5/20/22,White,0.204852939
Cheyenne,5/21/22,Black,0.059606284
Cheyenne,5/21/22,White,0.216252968
Cheyenne,5/22/22,Black,0.059206136
Cheyenne,5/22/22,White,0.213988207
Cheyenne,5/23/22,Black,0.094286939
Cheyenne,5/23/22,White,0.253905475
Cheyenne,5/24/22,Black,0.091953842
Cheyenne,5/24/22,White,0.271926574
Cheyenne,5/25/22,Black,0.090322487
Cheyenne,5/25/22,White,0.26435221
Cheyenne,5/26/22,Black,NA
Cheyenne,5/26/22,White,0.255507991
Cheyenne,5/27/22,Black,NA
Cheyenne,5/27/22,White,0.243060581
Cheyenne,5/28/22,Black,0.070268594
Cheyenne,5/28/22,White,0.23139412
Cheyenne,5/29/22,Black,NA
Cheyenne,5/29/22,White,0.230829328
Cheyenne,5/30/22,Black,0.073434817
Cheyenne,5/30/22,White,0.232825197
Cheyenne,5/31/22,Black,0.073143147
Cheyenne,5/31/22,White,0.228585131
Cheyenne,6/1/22,Black,NA
Cheyenne,6/1/22,White,0.229740039
Cheyenne,6/2/22,Black,NA
Cheyenne,6/2/22,White,0.219594978
Cheyenne,6/3/22,Black,0.071038805
Cheyenne,6/3/22,White,0.217684686
Cheyenne,6/4/22,Black,NA
Cheyenne,6/4/22,White,0.20491419
Cheyenne,6/5/22,Black,0.067746907
Cheyenne,6/5/22,White,0.193765692
Cheyenne,6/6/22,Black,NA
Cheyenne,6/6/22,White,0.186408684
Cheyenne,6/7/22,Black,NA
Cheyenne,6/7/22,White,0.180770881
Cheyenne,6/8/22,Black,NA
Cheyenne,6/8/22,White,0.1759459
Cheyenne,6/9/22,Black,NA
Cheyenne,6/9/22,White,0.171224646
Cheyenne,6/10/22,Black,NA
Cheyenne,6/10/22,White,0.164944313
Cheyenne,6/11/22,Black,NA
Cheyenne,6/11/22,White,0.159391914
Cheyenne,6/12/22,Black,NA
Cheyenne,6/12/22,White,0.153352726
Cheyenne,6/13/22,Black,NA
Cheyenne,6/13/22,White,0.14888842
Cheyenne,6/14/22,Black,NA
Cheyenne,6/14/22,White,0.144997682
Cheyenne,6/15/22,Black,NA
Cheyenne,6/15/22,White,0.144292817
Cheyenne,6/16/22,Black,NA
Cheyenne,6/16/22,White,0.142782733
Cheyenne,6/17/22,Black,NA
Cheyenne,6/17/22,White,0.140538003
Cheyenne,6/18/22,Black,NA
Cheyenne,6/18/22,White,0.137795713
Cheyenne,6/19/22,Black,NA
Cheyenne,6/19/22,White,0.136062711
Cheyenne,6/20/22,Black,NA
Cheyenne,6/20/22,White,0.134553693
Cheyenne,6/21/22,Black,NA
Cheyenne,6/21/22,White,0.132372957
Cheyenne,6/22/22,Black,NA
Cheyenne,6/22/22,White,0.130645905
Cheyenne,6/23/22,Black,NA
Cheyenne,6/23/22,White,0.129144441
Cheyenne,6/24/22,Black,NA
Cheyenne,6/24/22,White,0.12700985
Cheyenne,6/25/22,Black,0.027295403
Cheyenne,6/25/22,White,0.124797475
Cheyenne,6/26/22,Black,0.027190268
Cheyenne,6/26/22,White,0.122005265
Cheyenne,6/27/22,Black,0.027649291
Cheyenne,6/27/22,White,0.122575901
Cheyenne,6/28/22,Black,0.028336413
Cheyenne,6/28/22,White,0.121896319
Cheyenne,6/29/22,Black,0.094181255
Cheyenne,6/29/22,White,0.119516317
Cheyenne,6/30/22,Black,0.093473744
Cheyenne,6/30/22,White,0.117978666
Cheyenne,7/1/22,Black,0.095312856
Cheyenne,7/1/22,White,0.130266614
Cheyenne,7/2/22,Black,0.098547962
Cheyenne,7/2/22,White,0.136292443
Cheyenne,7/3/22,Black,0.100662697
Cheyenne,7/3/22,White,0.130501729
Cheyenne,7/4/22,Black,0.102719035
Cheyenne,7/4/22,White,0.12930825
Cheyenne,7/5/22,Black,0.103877462
Cheyenne,7/5/22,White,0.127129413
Cheyenne,7/6/22,Black,0.104562998
Cheyenne,7/6/22,White,0.131063309
Cheyenne,7/7/22,Black,0.105449345
Cheyenne,7/7/22,White,0.112249576
Cheyenne,7/8/22,Black,0.156319272
Cheyenne,7/8/22,White,0.154048637
Cheyenne,7/9/22,Black,0.160109781
Cheyenne,7/9/22,White,0.186369628
Cheyenne,7/10/22,Black,0.155245736
Cheyenne,7/10/22,White,0.180699378
Cheyenne,7/11/22,Black,0.151841849
Cheyenne,7/11/22,White,0.178219169
Cheyenne,7/12/22,Black,0.149413001
Cheyenne,7/12/22,White,0.174371503
Cheyenne,7/13/22,Black,0.146939229
Cheyenne,7/13/22,White,0.171888314
Cheyenne,7/14/22,Black,0.144266885
Cheyenne,7/14/22,White,0.167787023
Cheyenne,7/15/22,Black,0.141767409
Cheyenne,7/15/22,White,0.167685129
Cheyenne,7/16/22,Black,0.14029659
Cheyenne,7/16/22,White,0.167312242
Cheyenne,7/17/22,Black,0.13968337
Cheyenne,7/17/22,White,0.166427687
Cheyenne,7/18/22,Black,0.1380996
Cheyenne,7/18/22,White,0.165458344
Cheyenne,7/19/22,Black,0.136649173
Cheyenne,7/19/22,White,0.164042085
Cheyenne,7/20/22,Black,0.134893768
Cheyenne,7/20/22,White,0.162775479
Cheyenne,7/21/22,Black,0.132959556
Cheyenne,7/21/22,White,0.161917377
Cheyenne,7/22/22,Black,0.129523333
Cheyenne,7/22/22,White,0.161351409
Cheyenne,7/23/22,Black,0.123611797
Cheyenne,7/23/22,White,0.158881698
Cheyenne,7/24/22,Black,0.11877254
Cheyenne,7/24/22,White,0.087917268
Cheyenne,7/25/22,Black,0.119132992
Cheyenne,7/25/22,White,0.10772578
Cheyenne,7/26/22,Black,0.120722529
Cheyenne,7/26/22,White,0.158594124
Cheyenne,7/27/22,Black,0.12161554
Cheyenne,7/27/22,White,0.158655606
Cheyenne,7/28/22,Black,0.194089383
Cheyenne,7/28/22,White,0.176446617
Cheyenne,7/29/22,Black,0.198965512
Cheyenne,7/29/22,White,0.206771627
Cheyenne,7/30/22,Black,0.192188241
Cheyenne,7/30/22,White,0.105058342
Cheyenne,7/31/22,Black,0.187640764
Cheyenne,7/31/22,White,0.200706378
Cheyenne,8/1/22,Black,0.184354812
Cheyenne,8/1/22,White,0.198427446
Cheyenne,8/2/22,Black,0.181470141
Cheyenne,8/2/22,White,0.196566053
Cheyenne,8/3/22,Black,0.178851634
Cheyenne,8/3/22,White,0.194170125
Cheyenne,8/4/22,Black,0.179768056
Cheyenne,8/4/22,White,0.195169471
Cheyenne,8/5/22,Black,0.178437054
Cheyenne,8/5/22,White,0.193710454
Cheyenne,8/6/22,Black,0.176789649
Cheyenne,8/6/22,White,0.192655772
Cheyenne,8/7/22,Black,0.182999231
Cheyenne,8/7/22,White,0.198557474
Cheyenne,8/8/22,Black,0.187934145
Cheyenne,8/8/22,White,0.151406635
Cheyenne,8/9/22,Black,0.185572751
Cheyenne,8/9/22,White,0.206877001
Cheyenne,8/10/22,Black,0.183460116
Cheyenne,8/10/22,White,0.204957269
Cheyenne,8/11/22,Black,0.181900896
Cheyenne,8/11/22,White,0.204156585
Cheyenne,8/12/22,Black,0.180543378
Cheyenne,8/12/22,White,0.202248044
Cheyenne,8/13/22,Black,0.17838528
Cheyenne,8/13/22,White,0.199217916
Cheyenne,8/14/22,Black,0.198247537
Cheyenne,8/14/22,White,0.198592179
Cheyenne,8/15/22,Black,0.20072978
Cheyenne,8/15/22,White,0.210012034
Cheyenne,8/16/22,Black,0.196791448
Cheyenne,8/16/22,White,NA
Cheyenne,8/17/22,Black,0.193563938
Cheyenne,8/17/22,White,0.207448728
Cheyenne,8/18/22,Black,0.189620093
Cheyenne,8/18/22,White,0.203623228
Cheyenne,8/19/22,Black,0.186932802
Cheyenne,8/19/22,White,0.199323766
Cheyenne,8/20/22,Black,0.182727255
Cheyenne,8/20/22,White,0.193705671
Cheyenne,8/21/22,Black,0.187243894
Cheyenne,8/21/22,White,0.1906064
Cheyenne,8/22/22,Black,0.194325238
Cheyenne,8/22/22,White,0.202568263
Cheyenne,8/23/22,Black,0.191816613
Cheyenne,8/23/22,White,0.199056759
Cheyenne,8/24/22,Black,0.187878661
Cheyenne,8/24/22,White,0.191978693
Cheyenne,8/25/22,Black,0.183460116
Cheyenne,8/25/22,White,0.176884808
Cheyenne,8/26/22,Black,0.091698603
Cheyenne,8/26/22,White,0.182174541
Cheyenne,8/27/22,Black,0.183132529
Cheyenne,8/27/22,White,0.181297228
Cheyenne,8/28/22,Black,0.183174245
Cheyenne,8/28/22,White,0.178145077
Cheyenne,8/29/22,Black,0.182385437
Cheyenne,8/29/22,White,0.175379958
Cheyenne,8/30/22,Black,0.182198256
Cheyenne,8/30/22,White,0.173573844
Cheyenne,8/31/22,Black,0.180109702
Cheyenne,8/31/22,White,0.17029909
Cheyenne,9/1/22,Black,0.177950636
Cheyenne,9/1/22,White,0.167814862
Cheyenne,9/2/22,Black,NA
Cheyenne,9/2/22,White,0.165849656
Cheyenne,9/3/22,Black,0.173334904
Cheyenne,9/3/22,White,0.164160945
Cheyenne,9/4/22,Black,0.171643987
Cheyenne,9/4/22,White,0.164160945
Cheyenne,9/5/22,Black,0.167910337
Cheyenne,9/5/22,White,0.162876729
Cheyenne,9/6/22,Black,0.148712553
Cheyenne,9/6/22,White,0.161410507
Cheyenne,9/7/22,Black,0.160288878
Cheyenne,9/7/22,White,0.159760844
Cheyenne,9/8/22,Black,NA
Cheyenne,9/8/22,White,0.157259349
Cheyenne,9/9/22,Black,NA
Cheyenne,9/9/22,White,NA
Cheyenne,9/10/22,Black,0.170900784
Cheyenne,9/10/22,White,NA
Cheyenne,9/11/22,Black,0.188224457
Cheyenne,9/11/22,White,NA
Cheyenne,9/12/22,Black,0.189738646
Cheyenne,9/12/22,White,0.19270128
Cheyenne,9/13/22,Black,0.186187327
Cheyenne,9/13/22,White,0.191225961
Cheyenne,9/14/22,Black,0.170260563
Cheyenne,9/14/22,White,NA
Cheyenne,9/15/22,Black,0.180051416
Cheyenne,9/15/22,White,0.10277391
Cheyenne,9/16/22,Black,0.176886275
Cheyenne,9/16/22,White,0.183909997
Cheyenne,9/17/22,Black,0.177225009
Cheyenne,9/17/22,White,0.184936531
Cheyenne,9/18/22,Black,0.176425971
Cheyenne,9/18/22,White,0.184466556
Cheyenne,9/19/22,Black,0.175836124
Cheyenne,9/19/22,White,0.183896929
Cheyenne,9/20/22,Black,0.173737265
Cheyenne,9/20/22,White,0.182005167
Cheyenne,9/21/22,Black,0.188388087
Cheyenne,9/21/22,White,NA
Cheyenne,9/22/22,Black,0.188675262
Cheyenne,9/22/22,White,0.212624155
Cheyenne,9/23/22,Black,0.203049943
Cheyenne,9/23/22,White,0.213635378
Cheyenne,9/24/22,Black,0.19850342
Cheyenne,9/24/22,White,0.210116297
Cheyenne,9/25/22,Black,0.195195593
Cheyenne,9/25/22,White,0.206885085
Cheyenne,9/26/22,Black,0.192334048
Cheyenne,9/26/22,White,0.20426365
Cheyenne,9/27/22,Black,0.189639203
Cheyenne,9/27/22,White,0.202206969
Cheyenne,9/28/22,Black,0.18670731
Cheyenne,9/28/22,White,0.197260983
Cheyenne,9/29/22,Black,0.184071846
Cheyenne,9/29/22,White,0.18760471
Sheep,9/30/21,Black,0.115964569
Sheep,9/30/21,White,NA
Sheep,10/1/21,Black,0.114716165
Sheep,10/1/21,White,NA
Sheep,10/2/21,Black,0.114738896
Sheep,10/2/21,White,NA
Sheep,10/3/21,Black,0.112668067
Sheep,10/3/21,White,NA
Sheep,10/4/21,Black,0.1115449
Sheep,10/4/21,White,NA
Sheep,10/5/21,Black,0.109074533
Sheep,10/5/21,White,NA
Sheep,10/6/21,Black,0.108487114
Sheep,10/6/21,White,NA
Sheep,10/7/21,Black,0.15090673
Sheep,10/7/21,White,NA
Sheep,10/8/21,Black,0.213214904
Sheep,10/8/21,White,NA
Sheep,10/9/21,Black,0.246172816
Sheep,10/9/21,White,NA
Sheep,10/10/21,Black,0.233786769
Sheep,10/10/21,White,NA
Sheep,10/11/21,Black,0.232428461
Sheep,10/11/21,White,NA
Sheep,10/12/21,Black,0.229644954
Sheep,10/12/21,White,NA
Sheep,10/13/21,Black,0.222528502
Sheep,10/13/21,White,NA
Sheep,10/14/21,Black,0.215976253
Sheep,10/14/21,White,NA
Sheep,10/15/21,Black,0.205701001
Sheep,10/15/21,White,NA
Sheep,10/16/21,Black,0.198176801
Sheep,10/16/21,White,NA
Sheep,10/17/21,Black,0.192815192
Sheep,10/17/21,White,NA
Sheep,10/18/21,Black,0.187713802
Sheep,10/18/21,White,NA
Sheep,10/19/21,Black,0.181542277
Sheep,10/19/21,White,NA
Sheep,10/20/21,Black,0.175913766
Sheep,10/20/21,White,NA
Sheep,10/21/21,Black,0.173441298
Sheep,10/21/21,White,NA
Sheep,10/22/21,Black,0.170176223
Sheep,10/22/21,White,NA
Sheep,10/23/21,Black,0.164749391
Sheep,10/23/21,White,NA
Sheep,10/24/21,Black,0.177299544
Sheep,10/24/21,White,NA
Sheep,10/25/21,Black,0.216529831
Sheep,10/25/21,White,NA
Sheep,10/26/21,Black,0.240157895
Sheep,10/26/21,White,NA
Sheep,10/27/21,Black,0.225970313
Sheep,10/27/21,White,NA
Sheep,10/28/21,Black,0.215299636
Sheep,10/28/21,White,NA
Sheep,10/29/21,Black,0.207885221
Sheep,10/29/21,White,NA
Sheep,10/30/21,Black,0.202835009
Sheep,10/30/21,White,NA
Sheep,10/31/21,Black,0.192263812
Sheep,10/31/21,White,NA
Sheep,11/1/21,Black,0.186959766
Sheep,11/1/21,White,NA
Sheep,11/2/21,Black,0.195800498
Sheep,11/2/21,White,NA
Sheep,11/3/21,Black,0.1976045
Sheep,11/3/21,White,NA
Sheep,11/4/21,Black,0.196162447
Sheep,11/4/21,White,NA
Sheep,11/5/21,Black,0.190649956
Sheep,11/5/21,White,NA
Sheep,11/6/21,Black,0.185075656
Sheep,11/6/21,White,NA
Sheep,11/7/21,Black,0.180836558
Sheep,11/7/21,White,NA
Sheep,11/8/21,Black,0.16799432
Sheep,11/8/21,White,NA
Sheep,11/9/21,Black,0.174925826
Sheep,11/9/21,White,NA
Sheep,11/10/21,Black,0.190513134
Sheep,11/10/21,White,NA
Sheep,11/11/21,Black,0.176825657
Sheep,11/11/21,White,NA
Sheep,11/12/21,Black,0.178420134
Sheep,11/12/21,White,NA
Sheep,11/13/21,Black,0.182875447
Sheep,11/13/21,White,NA
Sheep,11/14/21,Black,0.180326805
Sheep,11/14/21,White,NA
Sheep,11/15/21,Black,0.177880213
Sheep,11/15/21,White,NA
Sheep,11/16/21,Black,0.173860118
Sheep,11/16/21,White,NA
Sheep,11/17/21,Black,0.151251573
Sheep,11/17/21,White,NA
Sheep,11/18/21,Black,0.142787382
Sheep,11/18/21,White,NA
Sheep,11/19/21,Black,0.162374012
Sheep,11/19/21,White,0.128162801
Sheep,11/20/21,Black,0.194143534
Sheep,11/20/21,White,0.153654274
Sheep,11/21/21,Black,0.199987963
Sheep,11/21/21,White,0.169492111
Sheep,11/22/21,Black,0.189005837
Sheep,11/22/21,White,0.156003542
Sheep,11/23/21,Black,0.167000771
Sheep,11/23/21,White,0.127464153
Sheep,11/24/21,Black,0.172032356
Sheep,11/24/21,White,0.114032052
Sheep,11/25/21,Black,0.163660407
Sheep,11/25/21,White,0.108777378
Sheep,11/26/21,Black,0.160377666
Sheep,11/26/21,White,0.106865268
Sheep,11/27/21,Black,0.158388261
Sheep,11/27/21,White,0.108549263
Sheep,11/28/21,Black,0.164358765
Sheep,11/28/21,White,0.1217314
Sheep,11/29/21,Black,0.160112046
Sheep,11/29/21,White,0.127660166
Sheep,11/30/21,Black,0.156718232
Sheep,11/30/21,White,0.132638831
Sheep,12/1/21,Black,0.158042699
Sheep,12/1/21,White,0.12992185
Sheep,12/2/21,Black,0.158835851
Sheep,12/2/21,White,0.144710708
Sheep,12/3/21,Black,0.155578993
Sheep,12/3/21,White,0.149283979
Sheep,12/4/21,Black,0.155978642
Sheep,12/4/21,White,0.155326433
Sheep,12/5/21,Black,0.146018978
Sheep,12/5/21,White,NA
Sheep,12/6/21,Black,0.137360245
Sheep,12/6/21,White,NA
Sheep,12/7/21,Black,0.136201944
Sheep,12/7/21,White,0.101696096
Sheep,12/8/21,Black,0.141303051
Sheep,12/8/21,White,0.103244327
Sheep,12/9/21,Black,0.12172221
Sheep,12/9/21,White,0.092124203
Sheep,12/10/21,Black,0.107752755
Sheep,12/10/21,White,0.087957267
Sheep,12/11/21,Black,0.098017175
Sheep,12/11/21,White,0.084759131
Sheep,12/12/21,Black,0.101987422
Sheep,12/12/21,White,0.089452872
Sheep,12/13/21,Black,0.107947208
Sheep,12/13/21,White,0.095264688
Sheep,12/14/21,Black,0.114583381
Sheep,12/14/21,White,0.100874394
Sheep,12/15/21,Black,0.119117044
Sheep,12/15/21,White,0.103863757
Sheep,12/16/21,Black,0.122076448
Sheep,12/16/21,White,0.103645999
Sheep,12/17/21,Black,0.12671411
Sheep,12/17/21,White,0.104349274
Sheep,12/18/21,Black,0.131624024
Sheep,12/18/21,White,0.104081329
Sheep,12/19/21,Black,0.134046104
Sheep,12/19/21,White,0.104081329
Sheep,12/20/21,Black,0.13661477
Sheep,12/20/21,White,0.105192661
Sheep,12/21/21,Black,0.137508169
Sheep,12/21/21,White,0.104949806
Sheep,12/22/21,Black,0.136641596
Sheep,12/22/21,White,0.105842113
Sheep,12/23/21,Black,0.141112894
Sheep,12/23/21,White,0.108750179
Sheep,12/24/21,Black,0.147081412
Sheep,12/24/21,White,0.112816654
Sheep,12/25/21,Black,0.148820832
Sheep,12/25/21,White,0.113482203
Sheep,12/26/21,Black,0.147959359
Sheep,12/26/21,White,0.11544494
Sheep,12/27/21,Black,0.143129874
Sheep,12/27/21,White,0.115175966
Sheep,12/28/21,Black,0.13344942
Sheep,12/28/21,White,0.113006063
Sheep,12/29/21,Black,0.125907913
Sheep,12/29/21,White,0.110767342
Sheep,12/30/21,Black,0.122737244
Sheep,12/30/21,White,0.110555179
Sheep,12/31/21,Black,0.123841591
Sheep,12/31/21,White,NA
Sheep,1/1/22,Black,0.122905228
Sheep,1/1/22,White,NA
Sheep,1/2/22,Black,0.118281536
Sheep,1/2/22,White,NA
Sheep,1/3/22,Black,0.115377489
Sheep,1/3/22,White,NA
Sheep,1/4/22,Black,0.114282336
Sheep,1/4/22,White,NA
Sheep,1/5/22,Black,0.11562391
Sheep,1/5/22,White,0.106745183
Sheep,1/6/22,Black,0.11720724
Sheep,1/6/22,White,0.108541954
Sheep,1/7/22,Black,0.119885836
Sheep,1/7/22,White,0.111175098
Sheep,1/8/22,Black,0.121253543
Sheep,1/8/22,White,0.112955868
Sheep,1/9/22,Black,0.119682141
Sheep,1/9/22,White,0.112224363
Sheep,1/10/22,Black,0.117411606
Sheep,1/10/22,White,0.110582087
Sheep,1/11/22,Black,0.114501733
Sheep,1/11/22,White,0.108829685
Sheep,1/12/22,Black,0.113842998
Sheep,1/12/22,White,0.107806914
Sheep,1/13/22,Black,0.114514973
Sheep,1/13/22,White,0.108052123
Sheep,1/14/22,Black,0.114514973
Sheep,1/14/22,White,0.108263928
Sheep,1/15/22,Black,0.114979669
Sheep,1/15/22,White,0.108508945
Sheep,1/16/22,Black,0.115211736
Sheep,1/16/22,White,0.108720578
Sheep,1/17/22,Black,0.114514973
Sheep,1/17/22,White,0.108475562
Sheep,1/18/22,Black,0.114747416
Sheep,1/18/22,White,0.108475562
Sheep,1/19/22,Black,0.115431134
Sheep,1/19/22,White,0.109388124
Sheep,1/20/22,Black,0.116113905
Sheep,1/20/22,White,0.110054754
Sheep,1/21/22,Black,0.11656443
Sheep,1/21/22,White,0.110720485
Sheep,1/22/22,Black,0.117245708
Sheep,1/22/22,White,0.11159534
Sheep,1/23/22,Black,0.117014591
Sheep,1/23/22,White,0.11159534
Sheep,1/24/22,Black,0.116795737
Sheep,1/24/22,White,0.111141078
Sheep,1/25/22,Black,0.117026854
Sheep,1/25/22,White,0.111106686
Sheep,1/26/22,Black,0.115431134
Sheep,1/26/22,White,0.109461375
Sheep,1/27/22,Black,0.112275604
Sheep,1/27/22,White,0.106789712
Sheep,1/28/22,Black,0.109113295
Sheep,1/28/22,White,0.10303548
Sheep,1/29/22,Black,0.107295804
Sheep,1/29/22,White,0.101070145
Sheep,1/30/22,Black,0.106379081
Sheep,1/30/22,White,0.100206742
Sheep,1/31/22,Black,0.105920151
Sheep,1/31/22,White,0.09955729
Sheep,2/1/22,Black,0.105684843
Sheep,2/1/22,White,0.099309908
Sheep,2/2/22,Black,0.104776796
Sheep,2/2/22,White,0.098906199
Sheep,2/3/22,Black,0.105001166
Sheep,2/3/22,White,0.098906199
Sheep,2/4/22,Black,0.105920151
Sheep,2/4/22,White,0.099370599
Sheep,2/5/22,Black,0.107507404
Sheep,2/5/22,White,0.100514911
Sheep,2/6/22,Black,0.108668074
Sheep,2/6/22,White,0.101686884
Sheep,2/7/22,Black,0.109347261
Sheep,2/7/22,White,0.1025807
Sheep,2/8/22,Black,0.108656615
Sheep,2/8/22,White,0.102088507
Sheep,2/9/22,Black,0.108890776
Sheep,2/9/22,White,0.101872746
Sheep,2/10/22,Black,0.110025521
Sheep,2/10/22,White,0.103257481
Sheep,2/11/22,Black,0.111612465
Sheep,2/11/22,White,0.105067994
Sheep,2/12/22,Black,0.111845482
Sheep,2/12/22,White,0.105037108
Sheep,2/13/22,Black,0.110259108
Sheep,2/13/22,White,0.103871476
Sheep,2/14/22,Black,0.110025521
Sheep,2/14/22,White,0.103441942
Sheep,2/15/22,Black,0.112287756
Sheep,2/15/22,White,0.105710413
Sheep,2/16/22,Black,0.113217913
Sheep,2/16/22,White,0.106414024
Sheep,2/17/22,Black,0.112078305
Sheep,2/17/22,White,0.105678983
Sheep,2/18/22,Black,0.112310942
Sheep,2/18/22,White,0.105924193
Sheep,2/19/22,Black,0.113891523
Sheep,2/19/22,White,0.107480224
Sheep,2/20/22,Black,0.113891523
Sheep,2/20/22,White,0.107235409
Sheep,2/21/22,Black,0.113902718
Sheep,2/21/22,White,0.107480224
Sheep,2/22/22,Black,0.110431604
Sheep,2/22/22,White,0.104350459
Sheep,2/23/22,Black,0.101144519
Sheep,2/23/22,White,0.099648084
Sheep,2/24/22,Black,0.100681279
Sheep,2/24/22,White,0.097698096
Sheep,2/25/22,Black,0.100445013
Sheep,2/25/22,White,0.0977285
Sheep,2/26/22,Black,0.102503583
Sheep,2/26/22,White,NA
Sheep,2/27/22,Black,0.101815235
Sheep,2/27/22,White,0.098906199
Sheep,2/28/22,Black,0.103169817
Sheep,2/28/22,White,0.098906199
Sheep,3/1/22,Black,0.110376138
Sheep,3/1/22,White,NA
Sheep,3/2/22,Black,0.129204374
Sheep,3/2/22,White,0.106286898
Sheep,3/3/22,Black,0.152426455
Sheep,3/3/22,White,0.111452583
Sheep,3/4/22,Black,0.156313777
Sheep,3/4/22,White,0.115558285
Sheep,3/5/22,Black,0.155646045
Sheep,3/5/22,White,NA
Sheep,3/6/22,Black,0.139775798
Sheep,3/6/22,White,NA
Sheep,3/7/22,Black,0.117970768
Sheep,3/7/22,White,0.107349515
Sheep,3/8/22,Black,0.117987286
Sheep,3/8/22,White,NA
Sheep,3/9/22,Black,0.108861215
Sheep,3/9/22,White,NA
Sheep,3/10/22,Black,0.104054898
Sheep,3/10/22,White,NA
Sheep,3/11/22,Black,0.106756248
Sheep,3/11/22,White,NA
Sheep,3/12/22,Black,0.112841386
Sheep,3/12/22,White,NA
Sheep,3/13/22,Black,0.119365331
Sheep,3/13/22,White,0.104300294
Sheep,3/14/22,Black,0.129717868
Sheep,3/14/22,White,NA
Sheep,3/15/22,Black,0.177204568
Sheep,3/15/22,White,NA
Sheep,3/16/22,Black,0.219127327
Sheep,3/16/22,White,NA
Sheep,3/17/22,Black,0.246479765
Sheep,3/17/22,White,NA
Sheep,3/18/22,Black,0.238165364
Sheep,3/18/22,White,NA
Sheep,3/19/22,Black,0.221625485
Sheep,3/19/22,White,NA
Sheep,3/20/22,Black,0.204391658
Sheep,3/20/22,White,0.202954359
Sheep,3/21/22,Black,0.187668793
Sheep,3/21/22,White,NA
Sheep,3/22/22,Black,0.163302485
Sheep,3/22/22,White,NA
Sheep,3/23/22,Black,0.162258245
Sheep,3/23/22,White,0.181108914
Sheep,3/24/22,Black,0.158195686
Sheep,3/24/22,White,0.163531851
Sheep,3/25/22,Black,0.154007796
Sheep,3/25/22,White,0.156250961
Sheep,3/26/22,Black,0.150713723
Sheep,3/26/22,White,NA
Sheep,3/27/22,Black,0.147983085
Sheep,3/27/22,White,NA
Sheep,3/28/22,Black,0.141978033
Sheep,3/28/22,White,NA
Sheep,3/29/22,Black,0.135504302
Sheep,3/29/22,White,NA
Sheep,3/30/22,Black,0.13657311
Sheep,3/30/22,White,NA
Sheep,3/31/22,Black,0.128602903
Sheep,3/31/22,White,NA
Sheep,4/1/22,Black,0.13009448
Sheep,4/1/22,White,NA
Sheep,4/2/22,Black,0.126713544
Sheep,4/2/22,White,NA
Sheep,4/3/22,Black,0.126918122
Sheep,4/3/22,White,NA
Sheep,4/4/22,Black,0.119849447
Sheep,4/4/22,White,NA
Sheep,4/5/22,Black,0.113269202
Sheep,4/5/22,White,NA
Sheep,4/6/22,Black,0.120702069
Sheep,4/6/22,White,NA
Sheep,4/7/22,Black,0.121833656
Sheep,4/7/22,White,NA
Sheep,4/8/22,Black,0.120351799
Sheep,4/8/22,White,NA
Sheep,4/9/22,Black,0.115476362
Sheep,4/9/22,White,NA
Sheep,4/10/22,Black,0.111128952
Sheep,4/10/22,White,NA
Sheep,4/11/22,Black,0.108666852
Sheep,4/11/22,White,NA
Sheep,4/12/22,Black,0.123653349
Sheep,4/12/22,White,0.111986011
Sheep,4/13/22,Black,0.137045905
Sheep,4/13/22,White,NA
Sheep,4/14/22,Black,0.143655319
Sheep,4/14/22,White,NA
Sheep,4/15/22,Black,0.141235415
Sheep,4/15/22,White,NA
Sheep,4/16/22,Black,0.136292443
Sheep,4/16/22,White,NA
Sheep,4/17/22,Black,0.133610103
Sheep,4/17/22,White,NA
Sheep,4/18/22,Black,0.128907576
Sheep,4/18/22,White,NA
Sheep,4/19/22,Black,0.124743506
Sheep,4/19/22,White,NA
Sheep,4/20/22,Black,0.128338892
Sheep,4/20/22,White,NA
Sheep,4/21/22,Black,0.123057872
Sheep,4/21/22,White,NA
Sheep,4/22/22,Black,0.132652141
Sheep,4/22/22,White,0.117195098
Sheep,4/23/22,Black,0.141450103
Sheep,4/23/22,White,0.120865133
Sheep,4/24/22,Black,0.138294365
Sheep,4/24/22,White,0.11146888
Sheep,4/25/22,Black,0.134664934
Sheep,4/25/22,White,0.108723488
Sheep,4/26/22,Black,0.128818803
Sheep,4/26/22,White,0.10515786
Sheep,4/27/22,Black,0.12715821
Sheep,4/27/22,White,0.10392379
Sheep,4/28/22,Black,0.127938412
Sheep,4/28/22,White,0.105786189
Sheep,4/29/22,Black,0.14235156
Sheep,4/29/22,White,0.118693698
Sheep,4/30/22,Black,0.148449648
Sheep,4/30/22,White,0.10999894
Sheep,5/1/22,Black,0.14547823
Sheep,5/1/22,White,0.109227153
Sheep,5/2/22,Black,0.141046625
Sheep,5/2/22,White,0.105955389
Sheep,5/3/22,Black,0.15446664
Sheep,5/3/22,White,0.116578655
Sheep,5/4/22,Black,0.162338417
Sheep,5/4/22,White,0.120799957
Sheep,5/5/22,Black,0.154439308
Sheep,5/5/22,White,0.116266433
Sheep,5/6/22,Black,0.149669599
Sheep,5/6/22,White,0.112596849
Sheep,5/7/22,Black,0.145937648
Sheep,5/7/22,White,0.10909545
Sheep,5/8/22,Black,0.139521871
Sheep,5/8/22,White,0.104902857
Sheep,5/9/22,Black,0.134480812
Sheep,5/9/22,White,0.101065386
Sheep,5/10/22,Black,0.135263875
Sheep,5/10/22,White,0.101034261
Sheep,5/11/22,Black,0.136968005
Sheep,5/11/22,White,0.103202236
Sheep,5/12/22,Black,0.134167776
Sheep,5/12/22,White,0.102589076
Sheep,5/13/22,Black,0.133812584
Sheep,5/13/22,White,0.10649983
Sheep,5/14/22,Black,0.130312979
Sheep,5/14/22,White,0.111584378
Sheep,5/15/22,Black,0.127033364
Sheep,5/15/22,White,0.11076881
Sheep,5/16/22,Black,0.121380344
Sheep,5/16/22,White,0.108037485
Sheep,5/17/22,Black,0.11940239
Sheep,5/17/22,White,0.104778886
Sheep,5/18/22,Black,0.11436756
Sheep,5/18/22,White,0.10157151
Sheep,5/19/22,Black,0.108958751
Sheep,5/19/22,White,0.097249065
Sheep,5/20/22,Black,0.105658481
Sheep,5/20/22,White,0.095438485
Sheep,5/21/22,Black,0.109057458
Sheep,5/21/22,White,0.09723732
Sheep,5/22/22,Black,0.102297625
Sheep,5/22/22,White,0.09419473
Sheep,5/23/22,Black,0.108018819
Sheep,5/23/22,White,0.096826934
Sheep,5/24/22,Black,0.109008599
Sheep,5/24/22,White,0.097497378
Sheep,5/25/22,Black,0.109946635
Sheep,5/25/22,White,0.098724333
Sheep,5/26/22,Black,0.10707086
Sheep,5/26/22,White,NA
Sheep,5/27/22,Black,0.102885125
Sheep,5/27/22,White,0.098316041
Sheep,5/28/22,Black,0.104228307
Sheep,5/28/22,White,0.101477006
Sheep,5/29/22,Black,0.13322204
Sheep,5/29/22,White,0.121629331
Sheep,5/30/22,Black,0.161825933
Sheep,5/30/22,White,0.142389689
Sheep,5/31/22,Black,0.158146791
Sheep,5/31/22,White,NA
Sheep,6/1/22,Black,0.155811962
Sheep,6/1/22,White,NA
Sheep,6/2/22,Black,0.152661595
Sheep,6/2/22,White,0.12847532
Sheep,6/3/22,Black,0.142828036
Sheep,6/3/22,White,NA
Sheep,6/4/22,Black,0.127088226
Sheep,6/4/22,White,NA
Sheep,6/5/22,Black,0.154497366
Sheep,6/5/22,White,NA
Sheep,6/6/22,Black,0.217843052
Sheep,6/6/22,White,0.199115101
Sheep,6/7/22,Black,0.159334194
Sheep,6/7/22,White,0.153899491
Sheep,6/8/22,Black,0.146838821
Sheep,6/8/22,White,0.145007312
Sheep,6/9/22,Black,0.146481793
Sheep,6/9/22,White,NA
Sheep,6/10/22,Black,0.138366215
Sheep,6/10/22,White,NA
Sheep,6/11/22,Black,0.130641267
Sheep,6/11/22,White,NA
Sheep,6/12/22,Black,0.153968263
Sheep,6/12/22,White,NA
Sheep,6/13/22,Black,0.16743058
Sheep,6/13/22,White,NA
Sheep,6/14/22,Black,0.162108246
Sheep,6/14/22,White,0.153075583
Sheep,6/15/22,Black,0.156766135
Sheep,6/15/22,White,NA
Sheep,6/16/22,Black,0.150865093
Sheep,6/16/22,White,NA
Sheep,6/17/22,Black,0.140449058
Sheep,6/17/22,White,NA
Sheep,6/18/22,Black,0.133249067
Sheep,6/18/22,White,NA
Sheep,6/19/22,Black,0.123511046
Sheep,6/19/22,White,NA
Sheep,6/20/22,Black,0.114730451
Sheep,6/20/22,White,NA
Sheep,6/21/22,Black,0.124822836
Sheep,6/21/22,White,NA
Sheep,6/22/22,Black,0.123030595
Sheep,6/22/22,White,NA
Sheep,6/23/22,Black,0.116013728
Sheep,6/23/22,White,NA
Sheep,6/24/22,Black,0.107493538
Sheep,6/24/22,White,NA
Sheep,6/25/22,Black,0.102145338
Sheep,6/25/22,White,NA
Sheep,6/26/22,Black,0.100013502
Sheep,6/26/22,White,NA
Sheep,6/27/22,Black,0.094053613
Sheep,6/27/22,White,NA
Sheep,6/28/22,Black,0.08723248
Sheep,6/28/22,White,NA